,GCA_046462395.1_ASM4646239v1,GCA_046462275.1_ASM4646227v1,GCA_030152945.1_ASM3015294v1,GCA_030151245.1_ASM3015124v1,GCA_030146865.1_ASM3014686v1,GCA_030149655.1_ASM3014965v1,GCA_030153165.1_ASM3015316v1,GCA_030150405.1_ASM3015040v1,GCA_030151425.1_ASM3015142v1
COG0137,1.0,1.0,1.0,1.0,1.0,1.0,1.0,1.0,1.0
COG0737,1.0,1.0,1.0,1.0,1.0,1.0,1.0,1.0,1.0
COG2239,1.0,1.0,1.0,1.0,1.0,1.0,1.0,1.0,1.0
COG0604,1.0,1.0,1.0,1.0,1.0,1.0,1.0,1.0,1.0
COG0425,1.0,1.0,1.0,1.0,1.0,1.0,1.0,1.0,1.0
COG0741,1.0,1.0,1.0,1.0,1.0,1.0,1.0,1.0,1.0
COG0494,1.0,1.0,1.0,1.0,1.0,1.0,1.0,1.0,1.0
COG0477,1.0,1.0,1.0,1.0,1.0,1.0,1.0,1.0,1.0
COG0617,1.0,1.0,1.0,1.0,1.0,1.0,1.0,1.0,1.0
COG4942,1.0,1.0,1.0,1.0,1.0,1.0,1.0,1.0,1.0
COG0280,1.0,1.0,1.0,1.0,1.0,1.0,1.0,1.0,1.0
COG0568,1.0,1.0,1.0,1.0,1.0,1.0,1.0,1.0,1.0
COG1249,1.0,1.0,1.0,1.0,1.0,1.0,1.0,1.0,1.0
COG0009,1.0,1.0,1.0,1.0,1.0,1.0,1.0,1.0,1.0
COG1464,1.0,1.0,1.0,1.0,1.0,1.0,1.0,1.0,1.0
COG0537,1.0,1.0,1.0,1.0,1.0,1.0,1.0,1.0,1.0
COG0251,1.0,1.0,1.0,1.0,1.0,1.0,1.0,1.0,1.0
COG0354,1.0,1.0,1.0,1.0,1.0,1.0,1.0,1.0,1.0
COG0625,1.0,1.0,1.0,1.0,1.0,1.0,1.0,1.0,1.0
COG0787,1.0,1.0,1.0,1.0,1.0,1.0,1.0,1.0,1.0
COG0790,1.0,1.0,1.0,1.0,1.0,1.0,1.0,1.0,1.0
COG0782,1.0,1.0,1.0,1.0,1.0,1.0,1.0,1.0,1.0
COG0304,1.0,1.0,1.0,1.0,1.0,1.0,1.0,1.0,1.0
COG0578,1.0,1.0,1.0,1.0,1.0,1.0,1.0,1.0,1.0
COG0554,1.0,1.0,1.0,1.0,1.0,1.0,1.0,1.0,1.0
COG3258,1.0,1.0,1.0,1.0,1.0,1.0,1.0,1.0,1.0
COG2863,1.0,1.0,1.0,1.0,1.0,1.0,1.0,1.0,1.0
COG1132,1.0,1.0,1.0,1.0,1.0,1.0,1.0,1.0,1.0
COG0351,1.0,1.0,1.0,1.0,1.0,1.0,1.0,1.0,1.0
COG0265,1.0,1.0,1.0,1.0,1.0,1.0,1.0,1.0,1.0
COG0635,1.0,1.0,1.0,1.0,1.0,1.0,1.0,1.0,1.0
COG0187,1.0,1.0,1.0,1.0,1.0,1.0,1.0,1.0,1.0
COG2974,1.0,1.0,1.0,1.0,1.0,1.0,1.0,1.0,1.0
COG2265,1.0,1.0,1.0,1.0,1.0,1.0,1.0,1.0,1.0
COG0727,1.0,1.0,1.0,1.0,1.0,1.0,1.0,1.0,1.0
COG0493,1.0,1.0,1.0,1.0,1.0,1.0,1.0,1.0,1.0
COG2137,1.0,1.0,1.0,1.0,1.0,1.0,1.0,1.0,1.0
2AT6R,1.0,1.0,1.0,1.0,1.0,1.0,1.0,1.0,1.0
COG2911,1.0,1.0,1.0,1.0,1.0,1.0,1.0,1.0,1.0
COG0327,1.0,1.0,1.0,1.0,1.0,1.0,1.0,1.0,1.0
COG0243,1.0,1.0,1.0,1.0,1.0,1.0,1.0,1.0,1.0
COG0437,1.0,1.0,1.0,1.0,1.0,1.0,1.0,1.0,1.0
COG0514,1.0,1.0,1.0,1.0,1.0,1.0,1.0,1.0,1.0
COG0225,1.0,1.0,1.0,1.0,1.0,1.0,1.0,1.0,1.0
COG2010,1.0,1.0,1.0,1.0,1.0,1.0,1.0,1.0,1.0
COG0136,1.0,1.0,1.0,1.0,1.0,1.0,1.0,1.0,1.0
COG1048,1.0,1.0,1.0,1.0,1.0,1.0,1.0,1.0,1.0
COG0811,1.0,1.0,1.0,1.0,1.0,1.0,1.0,1.0,1.0
COG0848,1.0,1.0,1.0,1.0,1.0,1.0,1.0,1.0,1.0
COG1283,1.0,1.0,1.0,1.0,1.0,1.0,1.0,1.0,1.0
COG4974,1.0,1.0,1.0,1.0,1.0,1.0,1.0,1.0,1.0
COG1694,1.0,1.0,1.0,1.0,1.0,1.0,1.0,1.0,1.0
COG1570,1.0,1.0,1.0,1.0,1.0,1.0,1.0,1.0,1.0
COG0745,1.0,1.0,1.0,1.0,1.0,1.0,1.0,1.0,1.0
COG0500,1.0,1.0,1.0,1.0,1.0,1.0,1.0,1.0,1.0
COG4221,1.0,1.0,1.0,1.0,1.0,1.0,1.0,1.0,1.0
COG2227,1.0,1.0,1.0,1.0,1.0,1.0,1.0,1.0,1.0
COG3187,1.0,1.0,1.0,1.0,1.0,1.0,1.0,1.0,1.0
COG3585,1.0,1.0,1.0,1.0,1.0,1.0,1.0,1.0,1.0
COG2873,1.0,1.0,1.0,1.0,1.0,1.0,1.0,1.0,1.0
COG1055,1.0,1.0,1.0,1.0,1.0,1.0,1.0,1.0,1.0
COG0061,1.0,1.0,1.0,1.0,1.0,1.0,1.0,1.0,1.0
COG0446,1.0,1.0,1.0,1.0,1.0,1.0,1.0,1.0,1.0
COG0064,1.0,1.0,1.0,1.0,1.0,1.0,1.0,1.0,1.0
COG0154,1.0,1.0,1.0,1.0,1.0,1.0,1.0,1.0,1.0
COG0721,1.0,1.0,1.0,1.0,1.0,1.0,1.0,1.0,1.0
COG1934,1.0,1.0,1.0,1.0,1.0,1.0,1.0,1.0,1.0
COG1137,1.0,1.0,1.0,1.0,1.0,1.0,1.0,1.0,1.0
COG2925,1.0,1.0,1.0,1.0,1.0,1.0,1.0,1.0,1.0
COG1040,1.0,1.0,1.0,1.0,1.0,1.0,1.0,1.0,1.0
COG2885,1.0,1.0,1.0,1.0,1.0,1.0,1.0,1.0,1.0
COG0697,1.0,1.0,1.0,1.0,1.0,1.0,1.0,1.0,1.0
COG0583,1.0,1.0,1.0,1.0,1.0,1.0,1.0,1.0,1.0
COG1704,1.0,1.0,1.0,1.0,1.0,1.0,1.0,1.0,1.0
COG0513,1.0,1.0,1.0,1.0,1.0,1.0,1.0,1.0,1.0
COG1403,1.0,1.0,1.0,1.0,1.0,1.0,1.0,1.0,1.0
COG2217,1.0,1.0,1.0,1.0,1.0,1.0,1.0,1.0,1.0
COG1473,1.0,1.0,1.0,1.0,1.0,1.0,1.0,1.0,1.0
COG2076,1.0,1.0,1.0,1.0,1.0,1.0,1.0,1.0,1.0
COG0028,1.0,1.0,1.0,1.0,1.0,1.0,1.0,1.0,1.0
COG1113,1.0,1.0,1.0,1.0,1.0,1.0,1.0,1.0,1.0
COG1292,1.0,1.0,1.0,1.0,1.0,1.0,1.0,1.0,1.0
COG5295,1.0,1.0,1.0,1.0,1.0,1.0,1.0,1.0,1.0
COG0317,1.0,1.0,1.0,1.0,1.0,1.0,1.0,1.0,1.0
COG0407,1.0,1.0,1.0,1.0,1.0,1.0,1.0,1.0,1.0
COG1629,1.0,1.0,1.0,1.0,1.0,1.0,1.0,1.0,1.0
COG1459,1.0,1.0,1.0,1.0,1.0,1.0,1.0,1.0,1.0
COG0124,1.0,1.0,1.0,1.0,1.0,1.0,1.0,1.0,1.0
COG2976,1.0,1.0,1.0,1.0,1.0,1.0,1.0,1.0,1.0
COG1520,1.0,1.0,1.0,1.0,1.0,1.0,1.0,1.0,1.0
COG1160,1.0,1.0,1.0,1.0,1.0,1.0,1.0,1.0,1.0
COG0424,1.0,1.0,1.0,1.0,1.0,1.0,1.0,1.0,1.0
COG2913,1.0,1.0,1.0,1.0,1.0,1.0,1.0,1.0,1.0
COG0488,1.0,1.0,1.0,1.0,1.0,1.0,1.0,1.0,1.0
29YXB,1.0,1.0,1.0,1.0,1.0,1.0,1.0,1.0,1.0
COG0337,1.0,1.0,1.0,1.0,1.0,1.0,1.0,1.0,1.0
COG0703,1.0,1.0,1.0,1.0,1.0,1.0,1.0,1.0,1.0
COG1966,1.0,1.0,1.0,1.0,1.0,1.0,1.0,1.0,1.0
COG4535,1.0,1.0,1.0,1.0,1.0,1.0,1.0,1.0,1.0
COG0744,1.0,1.0,1.0,1.0,1.0,1.0,1.0,1.0,1.0
COG0457,1.0,1.0,1.0,1.0,1.0,1.0,1.0,1.0,1.0
COG1530,1.0,1.0,1.0,1.0,1.0,1.0,1.0,1.0,1.0
COG0427,1.0,1.0,1.0,1.0,1.0,1.0,1.0,1.0,1.0
COG0116,1.0,1.0,1.0,1.0,1.0,1.0,1.0,1.0,1.0
COG2916,1.0,1.0,1.0,1.0,1.0,1.0,1.0,1.0,1.0
COG5316,1.0,1.0,1.0,1.0,1.0,1.0,1.0,1.0,1.0
28RV9,1.0,1.0,1.0,1.0,1.0,1.0,1.0,1.0,1.0
COG0508,1.0,1.0,1.0,1.0,1.0,1.0,1.0,1.0,1.0
2EHQ5,1.0,1.0,1.0,1.0,1.0,1.0,1.0,1.0,1.0
COG2993,1.0,1.0,1.0,1.0,1.0,1.0,1.0,1.0,1.0
COG0550,1.0,1.0,1.0,1.0,1.0,1.0,1.0,1.0,1.0
COG0169,1.0,1.0,1.0,1.0,1.0,1.0,1.0,1.0,1.0
COG0323,1.0,1.0,1.0,1.0,1.0,1.0,1.0,1.0,1.0
COG3317,1.0,1.0,1.0,1.0,1.0,1.0,1.0,1.0,1.0
COG0329,1.0,1.0,1.0,1.0,1.0,1.0,1.0,1.0,1.0
COG0708,1.0,1.0,1.0,1.0,1.0,1.0,1.0,1.0,1.0
COG0174,1.0,1.0,1.0,1.0,1.0,1.0,1.0,1.0,1.0
COG0336,1.0,1.0,1.0,1.0,1.0,1.0,1.0,1.0,1.0
COG0188,1.0,1.0,1.0,1.0,1.0,1.0,1.0,1.0,1.0
COG0402,1.0,1.0,1.0,1.0,1.0,1.0,1.0,1.0,1.0
COG0037,1.0,1.0,1.0,1.0,1.0,1.0,1.0,1.0,1.0
COG1028,1.0,1.0,1.0,1.0,1.0,1.0,1.0,1.0,1.0
COG4582,1.0,1.0,1.0,1.0,1.0,1.0,1.0,1.0,1.0
COG0237,1.0,1.0,1.0,1.0,1.0,1.0,1.0,1.0,1.0
COG1989,1.0,1.0,1.0,1.0,1.0,1.0,1.0,1.0,1.0
COG0511,1.0,1.0,1.0,1.0,1.0,1.0,1.0,1.0,1.0
COG1168,1.0,1.0,1.0,1.0,1.0,1.0,1.0,1.0,1.0
COG2195,1.0,1.0,1.0,1.0,1.0,1.0,1.0,1.0,1.0
COG0564,1.0,1.0,1.0,1.0,1.0,1.0,1.0,1.0,1.0
COG0615,1.0,1.0,1.0,1.0,1.0,1.0,1.0,1.0,1.0
COG0189,1.0,1.0,1.0,1.0,1.0,1.0,1.0,1.0,1.0
COG1305,1.0,1.0,1.0,1.0,1.0,1.0,1.0,1.0,1.0
COG2183,1.0,1.0,1.0,1.0,1.0,1.0,1.0,1.0,1.0
COG0764,1.0,1.0,1.0,1.0,1.0,1.0,1.0,1.0,1.0
COG1560,1.0,1.0,1.0,1.0,1.0,1.0,1.0,1.0,1.0
COG0454,1.0,1.0,1.0,1.0,1.0,1.0,1.0,1.0,1.0
COG0294,1.0,1.0,1.0,1.0,1.0,1.0,1.0,1.0,1.0
COG3409,1.0,1.0,1.0,1.0,1.0,1.0,1.0,1.0,1.0
COG0445,1.0,1.0,1.0,1.0,1.0,1.0,1.0,1.0,1.0
COG0567,1.0,1.0,1.0,1.0,1.0,1.0,1.0,1.0,1.0
COG0845,1.0,1.0,1.0,1.0,1.0,1.0,1.0,1.0,1.0
COG0628,1.0,1.0,1.0,1.0,1.0,1.0,1.0,1.0,1.0
COG0346,1.0,1.0,1.0,1.0,1.0,1.0,1.0,1.0,1.0
COG2271,1.0,1.0,1.0,1.0,1.0,1.0,1.0,1.0,1.0
COG0760,1.0,1.0,1.0,1.0,1.0,1.0,1.0,1.0,1.0
COG0607,1.0,1.0,1.0,1.0,1.0,1.0,1.0,1.0,1.0
COG1109,1.0,1.0,1.0,1.0,1.0,1.0,1.0,1.0,1.0
COG0842,1.0,1.0,1.0,1.0,1.0,1.0,1.0,1.0,1.0
COG1187,1.0,1.0,1.0,1.0,1.0,1.0,1.0,1.0,1.0
COG0612,1.0,1.0,1.0,1.0,1.0,1.0,1.0,1.0,1.0
COG0777,1.0,1.0,1.0,1.0,1.0,1.0,1.0,1.0,1.0
COG0793,1.0,1.0,1.0,1.0,1.0,1.0,1.0,1.0,1.0
COG0163,1.0,1.0,1.0,1.0,1.0,1.0,1.0,1.0,1.0
2ATBU,1.0,1.0,1.0,1.0,1.0,1.0,1.0,1.0,1.0
COG1012,1.0,1.0,1.0,1.0,1.0,1.0,1.0,1.0,1.0
COG0060,1.0,1.0,1.0,1.0,1.0,1.0,1.0,1.0,1.0
COG1376,1.0,1.0,1.0,1.0,1.0,1.0,1.0,1.0,1.0
COG0665,1.0,1.0,1.0,1.0,1.0,1.0,1.0,1.0,1.0
COG0491,1.0,1.0,1.0,1.0,1.0,1.0,1.0,1.0,1.0
COG2233,1.0,1.0,1.0,1.0,1.0,1.0,1.0,1.0,1.0
COG2956,1.0,1.0,1.0,1.0,1.0,1.0,1.0,1.0,1.0
COG1051,1.0,1.0,1.0,1.0,1.0,1.0,1.0,1.0,1.0
COG0597,1.0,1.0,1.0,1.0,1.0,1.0,1.0,1.0,1.0
COG0288,1.0,1.0,1.0,1.0,1.0,1.0,1.0,1.0,1.0
COG0761,1.0,1.0,1.0,1.0,1.0,1.0,1.0,1.0,1.0
COG1171,1.0,1.0,1.0,1.0,1.0,1.0,1.0,1.0,1.0
COG3172,1.0,1.0,1.0,1.0,1.0,1.0,1.0,1.0,1.0
COG1502,1.0,1.0,1.0,1.0,1.0,1.0,1.0,1.0,1.0
COG3218,1.0,1.0,1.0,1.0,1.0,1.0,1.0,1.0,1.0
COG1463,1.0,1.0,1.0,1.0,1.0,1.0,1.0,1.0,1.0
COG1127,1.0,1.0,1.0,1.0,1.0,1.0,1.0,1.0,1.0
COG0767,1.0,1.0,1.0,1.0,1.0,1.0,1.0,1.0,1.0
COG1525,1.0,1.0,1.0,1.0,1.0,1.0,1.0,1.0,1.0
COG1267,1.0,1.0,1.0,1.0,1.0,1.0,1.0,1.0,1.0
COG1949,1.0,1.0,1.0,1.0,1.0,1.0,1.0,1.0,1.0
COG3022,1.0,1.0,1.0,1.0,1.0,1.0,1.0,1.0,1.0
COG0671,1.0,1.0,1.0,1.0,1.0,1.0,1.0,1.0,1.0
COG0561,1.0,1.0,1.0,1.0,1.0,1.0,1.0,1.0,1.0
COG1923,1.0,1.0,1.0,1.0,1.0,1.0,1.0,1.0,1.0
COG2262,1.0,1.0,1.0,1.0,1.0,1.0,1.0,1.0,1.0
COG0330,1.0,1.0,1.0,1.0,1.0,1.0,1.0,1.0,1.0
COG0104,1.0,1.0,1.0,1.0,1.0,1.0,1.0,1.0,1.0
COG5002,1.0,1.0,1.0,1.0,1.0,1.0,1.0,1.0,1.0
COG0792,1.0,1.0,1.0,1.0,1.0,1.0,1.0,1.0,1.0
COG0593,1.0,1.0,1.0,1.0,1.0,1.0,1.0,1.0,1.0
COG2146,1.0,1.0,1.0,1.0,1.0,1.0,1.0,1.0,1.0
COG0546,1.0,1.0,1.0,1.0,1.0,1.0,1.0,1.0,1.0
COG4589,1.0,1.0,1.0,1.0,1.0,1.0,1.0,1.0,1.0
COG0473,1.0,1.0,1.0,1.0,1.0,1.0,1.0,1.0,1.0
COG2807,1.0,1.0,1.0,1.0,1.0,1.0,1.0,1.0,1.0
COG0756,1.0,1.0,1.0,1.0,1.0,1.0,1.0,1.0,1.0
COG0614,1.0,1.0,1.0,1.0,1.0,1.0,1.0,1.0,1.0
COG1280,1.0,1.0,1.0,1.0,1.0,1.0,1.0,1.0,1.0
2C1VH,1.0,1.0,1.0,1.0,1.0,1.0,1.0,1.0,1.0
COG2377,1.0,1.0,1.0,1.0,1.0,1.0,1.0,1.0,1.0
COG4108,1.0,1.0,1.0,1.0,1.0,1.0,1.0,1.0,1.0
COG0589,1.0,1.0,1.0,1.0,1.0,1.0,1.0,1.0,1.0
COG0841,1.0,1.0,1.0,1.0,1.0,1.0,1.0,1.0,1.0
COG1846,1.0,1.0,1.0,1.0,1.0,1.0,1.0,1.0,1.0
COG2386,1.0,1.0,1.0,1.0,1.0,1.0,1.0,1.0,1.0
COG4133,1.0,1.0,1.0,1.0,1.0,1.0,1.0,1.0,1.0
COG0526,1.0,1.0,1.0,1.0,1.0,1.0,1.0,1.0,1.0
COG2332,1.0,1.0,1.0,1.0,1.0,1.0,1.0,1.0,1.0
COG0755,1.0,1.0,1.0,1.0,1.0,1.0,1.0,1.0,1.0
COG0609,1.0,1.0,1.0,1.0,1.0,1.0,1.0,1.0,1.0
COG0621,1.0,1.0,1.0,1.0,1.0,1.0,1.0,1.0,1.0
COG0260,1.0,1.0,1.0,1.0,1.0,1.0,1.0,1.0,1.0
COG1671,1.0,1.0,1.0,1.0,1.0,1.0,1.0,1.0,1.0
COG0695,1.0,1.0,1.0,1.0,1.0,1.0,1.0,1.0,1.0
COG1295,1.0,1.0,1.0,1.0,1.0,1.0,1.0,1.0,1.0
COG2983,1.0,1.0,1.0,1.0,1.0,1.0,1.0,1.0,1.0
COG1289,1.0,1.0,1.0,1.0,1.0,1.0,1.0,1.0,1.0
COG0812,1.0,1.0,1.0,1.0,1.0,1.0,1.0,1.0,1.0
COG2854,1.0,1.0,1.0,1.0,1.0,1.0,1.0,1.0,1.0
COG1686,1.0,1.0,1.0,1.0,1.0,1.0,1.0,1.0,1.0
COG0743,1.0,1.0,1.0,1.0,1.0,1.0,1.0,1.0,1.0
COG0020,1.0,1.0,1.0,1.0,1.0,1.0,1.0,1.0,1.0
COG0233,1.0,1.0,1.0,1.0,1.0,1.0,1.0,1.0,1.0
COG0528,1.0,1.0,1.0,1.0,1.0,1.0,1.0,1.0,1.0
COG0565,1.0,1.0,1.0,1.0,1.0,1.0,1.0,1.0,1.0
COG1045,1.0,1.0,1.0,1.0,1.0,1.0,1.0,1.0,1.0
COG1196,1.0,1.0,1.0,1.0,1.0,1.0,1.0,1.0,1.0
COG1959,1.0,1.0,1.0,1.0,1.0,1.0,1.0,1.0,1.0
COG0586,1.0,1.0,1.0,1.0,1.0,1.0,1.0,1.0,1.0
COG1136,1.0,1.0,1.0,1.0,1.0,1.0,1.0,1.0,1.0
COG4591,1.0,1.0,1.0,1.0,1.0,1.0,1.0,1.0,1.0
COG1386,1.0,1.0,1.0,1.0,1.0,1.0,1.0,1.0,1.0
COG0162,1.0,1.0,1.0,1.0,1.0,1.0,1.0,1.0,1.0
COG0172,1.0,1.0,1.0,1.0,1.0,1.0,1.0,1.0,1.0
COG0143,1.0,1.0,1.0,1.0,1.0,1.0,1.0,1.0,1.0
COG0245,1.0,1.0,1.0,1.0,1.0,1.0,1.0,1.0,1.0
COG1211,1.0,1.0,1.0,1.0,1.0,1.0,1.0,1.0,1.0
COG0577,1.0,1.0,1.0,1.0,1.0,1.0,1.0,1.0,1.0
COG4775,1.0,1.0,1.0,1.0,1.0,1.0,1.0,1.0,1.0
COG0616,1.0,1.0,1.0,1.0,1.0,1.0,1.0,1.0,1.0
COG0606,1.0,1.0,1.0,1.0,1.0,1.0,1.0,1.0,1.0
COG1611,1.0,1.0,1.0,1.0,1.0,1.0,1.0,1.0,1.0
COG0471,1.0,1.0,1.0,1.0,1.0,1.0,1.0,1.0,1.0
COG0772,1.0,1.0,1.0,1.0,1.0,1.0,1.0,1.0,1.0
COG0768,1.0,1.0,1.0,1.0,1.0,1.0,1.0,1.0,1.0
COG0002,1.0,1.0,1.0,1.0,1.0,1.0,1.0,1.0,1.0
COG0658,1.0,1.0,1.0,1.0,1.0,1.0,1.0,1.0,1.0
COG0348,1.0,1.0,1.0,1.0,1.0,1.0,1.0,1.0,1.0
COG5456,1.0,1.0,1.0,1.0,1.0,1.0,1.0,1.0,1.0
COG3197,1.0,1.0,1.0,1.0,1.0,1.0,1.0,1.0,1.0
COG0125,1.0,1.0,1.0,1.0,1.0,1.0,1.0,1.0,1.0
COG1559,1.0,1.0,1.0,1.0,1.0,1.0,1.0,1.0,1.0
COG0236,1.0,1.0,1.0,1.0,1.0,1.0,1.0,1.0,1.0
COG3071,1.0,1.0,1.0,1.0,1.0,1.0,1.0,1.0,1.0
COG1587,1.0,1.0,1.0,1.0,1.0,1.0,1.0,1.0,1.0
COG0181,1.0,1.0,1.0,1.0,1.0,1.0,1.0,1.0,1.0
COG0283,1.0,1.0,1.0,1.0,1.0,1.0,1.0,1.0,1.0
COG0539,1.0,1.0,1.0,1.0,1.0,1.0,1.0,1.0,1.0
COG1200,1.0,1.0,1.0,1.0,1.0,1.0,1.0,1.0,1.0
COG0266,1.0,1.0,1.0,1.0,1.0,1.0,1.0,1.0,1.0
COG3122,1.0,1.0,1.0,1.0,1.0,1.0,1.0,1.0,1.0
COG0111,1.0,1.0,1.0,1.0,1.0,1.0,1.0,1.0,1.0
COG0834,1.0,1.0,1.0,1.0,1.0,1.0,1.0,1.0,1.0
COG0538,1.0,1.0,1.0,1.0,1.0,1.0,1.0,1.0,1.0
COG0130,1.0,1.0,1.0,1.0,1.0,1.0,1.0,1.0,1.0
COG0858,1.0,1.0,1.0,1.0,1.0,1.0,1.0,1.0,1.0
COG0532,1.0,1.0,1.0,1.0,1.0,1.0,1.0,1.0,1.0
COG0008,1.0,1.0,1.0,1.0,1.0,1.0,1.0,1.0,1.0
COG4215,1.0,1.0,1.0,1.0,1.0,1.0,1.0,1.0,1.0
COG4160,1.0,1.0,1.0,1.0,1.0,1.0,1.0,1.0,1.0
COG0358,1.0,1.0,1.0,1.0,1.0,1.0,1.0,1.0,1.0
COG0147,1.0,1.0,1.0,1.0,1.0,1.0,1.0,1.0,1.0
COG0670,1.0,1.0,1.0,1.0,1.0,1.0,1.0,1.0,1.0
COG0770,1.0,1.0,1.0,1.0,1.0,1.0,1.0,1.0,1.0
COG0223,1.0,1.0,1.0,1.0,1.0,1.0,1.0,1.0,1.0
COG0126,1.0,1.0,1.0,1.0,1.0,1.0,1.0,1.0,1.0
COG0687,1.0,1.0,1.0,1.0,1.0,1.0,1.0,1.0,1.0
COG0661,1.0,1.0,1.0,1.0,1.0,1.0,1.0,1.0,1.0
COG0262,1.0,1.0,1.0,1.0,1.0,1.0,1.0,1.0,1.0
COG1573,1.0,1.0,1.0,1.0,1.0,1.0,1.0,1.0,1.0
COG1589,1.0,1.0,1.0,1.0,1.0,1.0,1.0,1.0,1.0
COG1181,1.0,1.0,1.0,1.0,1.0,1.0,1.0,1.0,1.0
COG0773,1.0,1.0,1.0,1.0,1.0,1.0,1.0,1.0,1.0
COG0707,1.0,1.0,1.0,1.0,1.0,1.0,1.0,1.0,1.0
COG0771,1.0,1.0,1.0,1.0,1.0,1.0,1.0,1.0,1.0
COG2194,1.0,1.0,1.0,1.0,1.0,1.0,1.0,1.0,1.0
COG1932,1.0,1.0,1.0,1.0,1.0,1.0,1.0,1.0,1.0
COG0740,1.0,1.0,1.0,1.0,1.0,1.0,1.0,1.0,1.0
COG1219,1.0,1.0,1.0,1.0,1.0,1.0,1.0,1.0,1.0
COG0847,1.0,1.0,1.0,1.0,1.0,1.0,1.0,1.0,1.0
COG2918,1.0,1.0,1.0,1.0,1.0,1.0,1.0,1.0,1.0
COG0861,1.0,1.0,1.0,1.0,1.0,1.0,1.0,1.0,1.0
COG2252,1.0,1.0,1.0,1.0,1.0,1.0,1.0,1.0,1.0
COG0796,1.0,1.0,1.0,1.0,1.0,1.0,1.0,1.0,1.0
COG0778,1.0,1.0,1.0,1.0,1.0,1.0,1.0,1.0,1.0
COG4232,1.0,1.0,1.0,1.0,1.0,1.0,1.0,1.0,1.0
COG0766,1.0,1.0,1.0,1.0,1.0,1.0,1.0,1.0,1.0
COG1053,1.0,1.0,1.0,1.0,1.0,1.0,1.0,1.0,1.0
29KGK,1.0,1.0,1.0,1.0,1.0,1.0,1.0,1.0,1.0
COG0664,1.0,1.0,1.0,1.0,1.0,1.0,1.0,1.0,1.0
COG0465,1.0,1.0,1.0,1.0,1.0,1.0,1.0,1.0,1.0
COG0340,1.0,1.0,1.0,1.0,1.0,1.0,1.0,1.0,1.0
COG1448,1.0,1.0,1.0,1.0,1.0,1.0,1.0,1.0,1.0
COG0855,1.0,1.0,1.0,1.0,1.0,1.0,1.0,1.0,1.0
COG1651,1.0,1.0,1.0,1.0,1.0,1.0,1.0,1.0,1.0
COG0682,1.0,1.0,1.0,1.0,1.0,1.0,1.0,1.0,1.0
COG0207,1.0,1.0,1.0,1.0,1.0,1.0,1.0,1.0,1.0
COG0328,1.0,1.0,1.0,1.0,1.0,1.0,1.0,1.0,1.0
COG3842,1.0,1.0,1.0,1.0,1.0,1.0,1.0,1.0,1.0
COG1176,1.0,1.0,1.0,1.0,1.0,1.0,1.0,1.0,1.0
COG1177,1.0,1.0,1.0,1.0,1.0,1.0,1.0,1.0,1.0
COG3155,1.0,1.0,1.0,1.0,1.0,1.0,1.0,1.0,1.0
COG0860,1.0,1.0,1.0,1.0,1.0,1.0,1.0,1.0,1.0
COG1108,1.0,1.0,1.0,1.0,1.0,1.0,1.0,1.0,1.0
COG1121,1.0,1.0,1.0,1.0,1.0,1.0,1.0,1.0,1.0
COG0639,1.0,1.0,1.0,1.0,1.0,1.0,1.0,1.0,1.0
COG0218,1.0,1.0,1.0,1.0,1.0,1.0,1.0,1.0,1.0
COG1737,1.0,1.0,1.0,1.0,1.0,1.0,1.0,1.0,1.0
COG0101,1.0,1.0,1.0,1.0,1.0,1.0,1.0,1.0,1.0
COG0180,1.0,1.0,1.0,1.0,1.0,1.0,1.0,1.0,1.0
COG1354,1.0,1.0,1.0,1.0,1.0,1.0,1.0,1.0,1.0
COG0084,1.0,1.0,1.0,1.0,1.0,1.0,1.0,1.0,1.0
COG0282,1.0,1.0,1.0,1.0,1.0,1.0,1.0,1.0,1.0
COG0219,1.0,1.0,1.0,1.0,1.0,1.0,1.0,1.0,1.0
COG0504,1.0,1.0,1.0,1.0,1.0,1.0,1.0,1.0,1.0
COG1364,1.0,1.0,1.0,1.0,1.0,1.0,1.0,1.0,1.0
COG0484,1.0,1.0,1.0,1.0,1.0,1.0,1.0,1.0,1.0
COG0128,1.0,1.0,1.0,1.0,1.0,1.0,1.0,1.0,1.0
COG2165,1.0,1.0,1.0,1.0,1.0,1.0,1.0,1.0,1.0
COG0780,1.0,1.0,1.0,1.0,1.0,1.0,1.0,1.0,1.0
COG0823,1.0,1.0,1.0,1.0,1.0,1.0,1.0,1.0,1.0
COG0634,1.0,1.0,1.0,1.0,1.0,1.0,1.0,1.0,1.0
COG0373,1.0,1.0,1.0,1.0,1.0,1.0,1.0,1.0,1.0
2ATQ6,1.0,1.0,1.0,1.0,1.0,1.0,1.0,1.0,1.0
COG0506,1.0,1.0,1.0,1.0,1.0,1.0,1.0,1.0,1.0
COG5000,1.0,1.0,1.0,1.0,1.0,1.0,1.0,1.0,1.0
COG0303,1.0,1.0,1.0,1.0,1.0,1.0,1.0,1.0,1.0
COG0357,1.0,1.0,1.0,1.0,1.0,1.0,1.0,1.0,1.0
COG1674,1.0,1.0,1.0,1.0,1.0,1.0,1.0,1.0,1.0
COG0341,1.0,1.0,1.0,1.0,1.0,1.0,1.0,1.0,1.0
COG1862,1.0,1.0,1.0,1.0,1.0,1.0,1.0,1.0,1.0
COG0021,1.0,1.0,1.0,1.0,1.0,1.0,1.0,1.0,1.0
COG2989,1.0,1.0,1.0,1.0,1.0,1.0,1.0,1.0,1.0
COG1897,1.0,1.0,1.0,1.0,1.0,1.0,1.0,1.0,1.0
COG0420,1.0,1.0,1.0,1.0,1.0,1.0,1.0,1.0,1.0
COG0013,1.0,1.0,1.0,1.0,1.0,1.0,1.0,1.0,1.0
COG2355,1.0,1.0,1.0,1.0,1.0,1.0,1.0,1.0,1.0
COG0733,1.0,1.0,1.0,1.0,1.0,1.0,1.0,1.0,1.0
COG1115,1.0,1.0,1.0,1.0,1.0,1.0,1.0,1.0,1.0
COG0452,1.0,1.0,1.0,1.0,1.0,1.0,1.0,1.0,1.0
COG3108,1.0,1.0,1.0,1.0,1.0,1.0,1.0,1.0,1.0
COG0305,1.0,1.0,1.0,1.0,1.0,1.0,1.0,1.0,1.0
COG2096,1.0,1.0,1.0,1.0,1.0,1.0,1.0,1.0,1.0
COG0382,1.0,1.0,1.0,1.0,1.0,1.0,1.0,1.0,1.0
COG0316,1.0,1.0,1.0,1.0,1.0,1.0,1.0,1.0,1.0
COG0086,1.0,1.0,1.0,1.0,1.0,1.0,1.0,1.0,1.0
COG0517,1.0,1.0,1.0,1.0,1.0,1.0,0.0,1.0,1.0
COG0497,1.0,1.0,1.0,1.0,1.0,1.0,0.0,1.0,1.0
COG0569,1.0,1.0,0.0,1.0,1.0,1.0,1.0,1.0,1.0
COG1853,1.0,1.0,1.0,1.0,1.0,1.0,0.0,1.0,1.0
COG2981,1.0,1.0,1.0,1.0,1.0,1.0,1.0,0.0,1.0
COG0534,1.0,1.0,1.0,1.0,1.0,0.0,1.0,1.0,1.0
COG2391,1.0,0.0,1.0,1.0,1.0,1.0,1.0,1.0,1.0
COG0503,1.0,1.0,1.0,1.0,1.0,1.0,1.0,1.0,0.0
COG0279,1.0,1.0,1.0,0.0,1.0,1.0,1.0,1.0,1.0
COG2823,1.0,1.0,1.0,0.0,1.0,1.0,1.0,1.0,1.0
COG0306,1.0,0.0,1.0,1.0,1.0,1.0,1.0,1.0,1.0
COG0268,1.0,0.0,1.0,1.0,1.0,1.0,1.0,1.0,1.0
COG2812,1.0,1.0,1.0,1.0,1.0,1.0,0.0,1.0,1.0
COG0718,1.0,1.0,1.0,1.0,1.0,1.0,0.0,1.0,1.0
COG0353,1.0,1.0,1.0,1.0,1.0,1.0,0.0,1.0,1.0
COG1858,1.0,1.0,1.0,1.0,1.0,1.0,0.0,1.0,1.0
COG0053,1.0,1.0,0.0,1.0,1.0,1.0,1.0,1.0,1.0
COG3115,1.0,1.0,1.0,1.0,1.0,0.0,1.0,1.0,1.0
COG0205,1.0,1.0,1.0,1.0,1.0,0.0,1.0,1.0,1.0
COG3637,1.0,1.0,1.0,1.0,1.0,1.0,1.0,0.0,1.0
COG1126,1.0,1.0,1.0,1.0,1.0,1.0,0.0,1.0,1.0
COG3468,1.0,0.0,1.0,1.0,1.0,1.0,1.0,1.0,1.0
COG1154,1.0,1.0,1.0,1.0,1.0,1.0,0.0,1.0,1.0
COG0142,1.0,1.0,1.0,1.0,1.0,1.0,0.0,1.0,1.0
COG1722,1.0,1.0,1.0,1.0,1.0,1.0,0.0,1.0,1.0
COG3264,1.0,1.0,1.0,1.0,1.0,1.0,0.0,1.0,1.0
COG2864,1.0,1.0,1.0,1.0,1.0,1.0,0.0,1.0,1.0
COG3058,1.0,1.0,1.0,1.0,1.0,1.0,0.0,1.0,1.0
COG2141,1.0,1.0,1.0,1.0,1.0,1.0,0.0,1.0,1.0
COG1521,1.0,1.0,1.0,1.0,1.0,1.0,0.0,1.0,1.0
COG1663,1.0,1.0,1.0,1.0,1.0,1.0,0.0,1.0,1.0
COG0557,1.0,1.0,1.0,1.0,1.0,1.0,0.0,1.0,1.0
COG0352,1.0,1.0,1.0,1.0,1.0,1.0,0.0,1.0,1.0
COG0476,1.0,0.0,1.0,1.0,1.0,1.0,1.0,1.0,1.0
COG2303,1.0,0.0,1.0,1.0,1.0,1.0,1.0,1.0,1.0
COG0666,1.0,1.0,1.0,1.0,1.0,1.0,0.0,1.0,1.0
COG1032,1.0,1.0,1.0,1.0,1.0,1.0,0.0,1.0,1.0
COG0117,1.0,1.0,1.0,1.0,1.0,1.0,0.0,1.0,1.0
2DI8K,1.0,1.0,1.0,1.0,1.0,1.0,1.0,0.0,1.0
COG0688,1.0,1.0,1.0,1.0,1.0,0.0,1.0,1.0,1.0
COG1212,1.0,1.0,1.0,1.0,1.0,0.0,1.0,1.0,1.0
COG2969,1.0,1.0,1.0,1.0,1.0,1.0,1.0,1.0,0.0
COG1026,1.0,1.0,0.0,1.0,1.0,1.0,1.0,1.0,1.0
COG0481,1.0,1.0,1.0,1.0,1.0,1.0,0.0,1.0,1.0
COG1104,1.0,1.0,1.0,1.0,1.0,0.0,1.0,1.0,1.0
COG2433,1.0,1.0,1.0,1.0,1.0,0.0,1.0,1.0,1.0
COG3247,1.0,1.0,1.0,1.0,1.0,1.0,0.0,1.0,1.0
COG0640,1.0,0.0,1.0,1.0,1.0,1.0,1.0,1.0,1.0
COG0072,1.0,1.0,1.0,1.0,1.0,1.0,0.0,1.0,1.0
COG0292,1.0,1.0,1.0,1.0,1.0,1.0,0.0,1.0,1.0
COG0291,1.0,1.0,1.0,1.0,1.0,1.0,0.0,1.0,1.0
COG0441,1.0,1.0,1.0,1.0,1.0,1.0,0.0,1.0,1.0
COG0042,1.0,1.0,1.0,1.0,1.0,1.0,0.0,1.0,1.0
COG1823,1.0,1.0,1.0,1.0,1.0,0.0,1.0,1.0,1.0
COG1349,1.0,1.0,1.0,1.0,1.0,1.0,1.0,0.0,1.0
COG1047,1.0,1.0,1.0,1.0,1.0,0.0,1.0,1.0,1.0
COG0120,1.0,1.0,1.0,1.0,1.0,0.0,1.0,1.0,1.0
COG3117,1.0,1.0,1.0,1.0,1.0,0.0,1.0,1.0,1.0
COG2374,1.0,1.0,1.0,1.0,1.0,1.0,1.0,0.0,1.0
COG1186,1.0,1.0,1.0,1.0,1.0,1.0,0.0,1.0,1.0
COG3118,1.0,1.0,1.0,1.0,1.0,1.0,0.0,1.0,1.0
COG3560,1.0,1.0,1.0,1.0,1.0,1.0,1.0,1.0,0.0
COG0195,1.0,1.0,1.0,1.0,1.0,0.0,1.0,1.0,1.0
COG2986,1.0,1.0,1.0,1.0,1.0,1.0,1.0,0.0,1.0
COG2850,1.0,1.0,1.0,1.0,1.0,1.0,1.0,1.0,0.0
COG0052,1.0,1.0,1.0,1.0,1.0,1.0,1.0,1.0,0.0
COG0264,1.0,1.0,1.0,1.0,1.0,1.0,1.0,1.0,0.0
COG1314,1.0,0.0,1.0,1.0,1.0,1.0,1.0,1.0,1.0
COG0149,1.0,0.0,1.0,1.0,1.0,1.0,1.0,1.0,1.0
COG1077,1.0,1.0,1.0,1.0,1.0,0.0,1.0,1.0,1.0
COG1792,1.0,1.0,1.0,1.0,1.0,0.0,1.0,1.0,1.0
COG0749,1.0,1.0,1.0,1.0,1.0,1.0,0.0,1.0,1.0
COG1426,1.0,1.0,1.0,1.0,1.0,0.0,1.0,1.0,1.0
COG0679,1.0,1.0,1.0,1.0,1.0,0.0,1.0,1.0,1.0
COG0326,1.0,1.0,0.0,1.0,1.0,1.0,1.0,1.0,1.0
COG3063,1.0,1.0,1.0,1.0,1.0,0.0,1.0,1.0,1.0
COG4796,1.0,1.0,0.0,1.0,1.0,1.0,1.0,1.0,1.0
COG0691,1.0,0.0,1.0,1.0,1.0,1.0,1.0,1.0,1.0
COG1052,1.0,0.0,1.0,1.0,1.0,1.0,1.0,1.0,1.0
COG3094,1.0,0.0,1.0,1.0,1.0,1.0,1.0,1.0,1.0
COG2915,1.0,1.0,1.0,1.0,1.0,1.0,0.0,1.0,1.0
COG1509,1.0,1.0,1.0,1.0,1.0,1.0,0.0,1.0,1.0
COG0324,1.0,0.0,1.0,1.0,1.0,1.0,1.0,1.0,1.0
2ANY4,1.0,0.0,1.0,1.0,1.0,1.0,1.0,1.0,1.0
COG0271,1.0,0.0,1.0,1.0,1.0,1.0,1.0,1.0,1.0
COG2917,1.0,0.0,1.0,1.0,1.0,1.0,1.0,1.0,1.0
COG0331,1.0,0.0,1.0,1.0,1.0,1.0,1.0,1.0,1.0
COG0332,1.0,0.0,1.0,1.0,1.0,1.0,1.0,1.0,1.0
COG0725,1.0,1.0,1.0,1.0,1.0,0.0,1.0,1.0,1.0
COG2609,1.0,1.0,1.0,1.0,1.0,1.0,0.0,1.0,1.0
COG1135,1.0,1.0,1.0,1.0,1.0,1.0,0.0,1.0,1.0
COG3278,1.0,1.0,1.0,1.0,1.0,1.0,1.0,1.0,0.0
COG2204,1.0,0.0,1.0,1.0,1.0,1.0,1.0,1.0,1.0
COG0806,1.0,1.0,1.0,1.0,1.0,0.0,1.0,1.0,1.0
COG0228,1.0,1.0,1.0,1.0,1.0,0.0,1.0,1.0,1.0
COG0019,1.0,1.0,1.0,1.0,1.0,0.0,1.0,1.0,1.0
COG2804,1.0,1.0,1.0,1.0,1.0,0.0,1.0,1.0,1.0
COG3064,1.0,1.0,0.0,1.0,1.0,1.0,1.0,1.0,1.0
COG0824,1.0,1.0,0.0,1.0,1.0,1.0,1.0,1.0,1.0
COG0468,1.0,1.0,0.0,1.0,1.0,1.0,1.0,1.0,1.0
COG4067,1.0,1.0,0.0,1.0,1.0,1.0,1.0,1.0,1.0
COG1114,1.0,1.0,1.0,1.0,1.0,0.0,1.0,1.0,1.0
COG2980,1.0,1.0,1.0,1.0,1.0,1.0,0.0,1.0,1.0
COG1469,1.0,1.0,1.0,1.0,1.0,1.0,0.0,1.0,1.0
COG3950,1.0,1.0,1.0,1.0,1.0,1.0,1.0,0.0,1.0
2ATYF,1.0,1.0,1.0,1.0,1.0,0.0,1.0,1.0,1.0
COG0194,1.0,1.0,1.0,1.0,1.0,0.0,1.0,1.0,1.0
COG1758,1.0,1.0,1.0,1.0,1.0,0.0,1.0,1.0,1.0
COG2896,1.0,1.0,1.0,1.0,1.0,0.0,1.0,1.0,1.0
COG4973,1.0,1.0,1.0,1.0,1.0,0.0,1.0,1.0,1.0
COG3245,1.0,1.0,1.0,1.0,1.0,0.0,1.0,1.0,1.0
COG0576,1.0,1.0,1.0,1.0,1.0,0.0,1.0,1.0,1.0
COG0335,1.0,1.0,1.0,1.0,1.0,0.0,1.0,1.0,1.0
COG0501,1.0,0.0,1.0,1.0,1.0,1.0,1.0,1.0,1.0
COG0229,1.0,0.0,1.0,1.0,1.0,1.0,1.0,1.0,1.0
COG0025,1.0,0.0,1.0,1.0,1.0,1.0,1.0,1.0,1.0
COG0803,1.0,0.0,1.0,1.0,1.0,1.0,1.0,1.0,1.0
COG1385,1.0,0.0,1.0,1.0,1.0,1.0,1.0,1.0,1.0
COG2853,1.0,0.0,1.0,1.0,1.0,1.0,1.0,1.0,1.0
COG1131,1.0,0.0,1.0,1.0,1.0,1.0,1.0,1.0,1.0
COG0285,1.0,1.0,1.0,1.0,1.0,1.0,1.0,1.0,0.0
COG0249,1.0,1.0,1.0,1.0,1.0,1.0,0.0,1.0,1.0
COG0208,1.0,0.0,1.0,1.0,1.0,1.0,1.0,1.0,1.0
COG1167,1.0,1.0,1.0,1.0,1.0,1.0,0.0,1.0,1.0
COG1454,1.0,1.0,1.0,1.0,1.0,1.0,1.0,0.0,1.0
COG3090,1.0,1.0,0.0,1.0,1.0,1.0,1.0,1.0,1.0
COG1638,1.0,1.0,0.0,1.0,1.0,1.0,1.0,1.0,1.0
COG0527,1.0,1.0,1.0,1.0,1.0,0.0,1.0,1.0,1.0
COG0729,1.0,1.0,1.0,1.0,1.0,0.0,1.0,1.0,1.0
COG0196,1.0,1.0,1.0,1.0,1.0,0.0,1.0,1.0,1.0
COG4808,1.0,1.0,1.0,1.0,1.0,1.0,1.0,0.0,1.0
COG3221,1.0,1.0,1.0,1.0,1.0,1.0,1.0,0.0,1.0
COG2836,1.0,1.0,1.0,1.0,1.0,0.0,1.0,1.0,1.0
COG0838,1.0,1.0,1.0,1.0,1.0,1.0,1.0,1.0,0.0
COG0377,1.0,1.0,1.0,1.0,1.0,1.0,1.0,1.0,0.0
COG0852,1.0,1.0,1.0,1.0,1.0,1.0,1.0,1.0,0.0
COG0649,1.0,1.0,1.0,1.0,1.0,1.0,1.0,1.0,0.0
COG1905,1.0,1.0,1.0,1.0,1.0,1.0,1.0,1.0,0.0
COG1894,1.0,1.0,1.0,1.0,1.0,1.0,1.0,1.0,0.0
COG1741,1.0,1.0,1.0,1.0,1.0,0.0,1.0,1.0,1.0
COG0006,1.0,1.0,1.0,1.0,1.0,1.0,0.0,1.0,1.0
COG3111,1.0,0.0,1.0,1.0,1.0,1.0,1.0,1.0,1.0
COG2264,1.0,1.0,1.0,1.0,1.0,1.0,0.0,1.0,1.0
COG1444,1.0,1.0,1.0,1.0,1.0,1.0,0.0,1.0,1.0
COG2837,1.0,0.0,1.0,1.0,1.0,1.0,1.0,1.0,1.0
COG0400,1.0,0.0,1.0,1.0,1.0,1.0,1.0,1.0,1.0
COG0795,1.0,1.0,1.0,1.0,1.0,1.0,0.0,1.0,1.0
COG0343,1.0,1.0,1.0,1.0,1.0,1.0,0.0,1.0,1.0
COG0168,1.0,1.0,1.0,1.0,1.0,0.0,1.0,1.0,1.0
COG3698,1.0,0.0,1.0,1.0,1.0,1.0,1.0,1.0,1.0
COG0483,1.0,0.0,1.0,1.0,1.0,1.0,1.0,1.0,1.0
COG0313,1.0,1.0,1.0,1.0,1.0,0.0,1.0,1.0,1.0
COG1495,1.0,1.0,1.0,1.0,1.0,0.0,1.0,1.0,1.0
COG0443,1.0,0.0,1.0,1.0,1.0,1.0,1.0,1.0,1.0
COG0325,1.0,0.0,1.0,1.0,1.0,1.0,1.0,1.0,1.0
COG2145,1.0,1.0,0.0,1.0,1.0,1.0,1.0,1.0,1.0
COG0349,1.0,1.0,0.0,1.0,1.0,1.0,1.0,1.0,1.0
COG4147,1.0,1.0,1.0,1.0,1.0,1.0,0.0,1.0,1.0
COG0204,1.0,0.0,1.0,1.0,1.0,1.0,1.0,1.0,1.0
COG3323,1.0,1.0,1.0,1.0,1.0,0.0,1.0,1.0,1.0
COG0702,1.0,1.0,1.0,1.0,1.0,1.0,0.0,1.0,1.0
COG3133,1.0,0.0,1.0,1.0,1.0,1.0,1.0,1.0,1.0
COG1793,1.0,0.0,1.0,1.0,1.0,1.0,1.0,1.0,1.0
COG2103,1.0,1.0,1.0,1.0,1.0,1.0,1.0,0.0,1.0
COG4235,1.0,1.0,0.0,1.0,1.0,1.0,1.0,1.0,1.0
COG3088,1.0,1.0,0.0,1.0,1.0,1.0,1.0,1.0,1.0
COG1138,1.0,1.0,1.0,1.0,1.0,1.0,0.0,1.0,1.0
COG3288,1.0,0.0,1.0,1.0,1.0,1.0,1.0,1.0,1.0
COG4125,1.0,1.0,1.0,1.0,1.0,1.0,1.0,1.0,0.0
COG1226,1.0,1.0,1.0,1.0,1.0,1.0,1.0,0.0,1.0
COG0762,1.0,1.0,1.0,1.0,1.0,1.0,0.0,1.0,1.0
COG0775,1.0,0.0,1.0,1.0,1.0,1.0,1.0,1.0,1.0
COG0041,1.0,1.0,1.0,1.0,1.0,1.0,0.0,1.0,1.0
COG2838,1.0,1.0,1.0,1.0,1.0,1.0,0.0,1.0,1.0
COG1519,1.0,1.0,1.0,1.0,1.0,1.0,0.0,1.0,1.0
COG4105,1.0,1.0,1.0,1.0,1.0,1.0,0.0,1.0,1.0
COG1496,1.0,1.0,1.0,1.0,1.0,1.0,0.0,1.0,1.0
COG0659,1.0,1.0,1.0,1.0,1.0,1.0,0.0,1.0,1.0
COG0024,1.0,0.0,1.0,1.0,1.0,1.0,1.0,1.0,1.0
COG3027,1.0,0.0,1.0,1.0,1.0,1.0,1.0,1.0,1.0
COG3004,1.0,0.0,1.0,1.0,1.0,1.0,1.0,1.0,1.0
COG1738,1.0,1.0,1.0,1.0,1.0,1.0,1.0,1.0,0.0
COG0822,1.0,1.0,1.0,1.0,1.0,0.0,1.0,1.0,1.0
COG2151,1.0,1.0,1.0,1.0,1.0,0.0,1.0,1.0,1.0
COG0286,1.0,1.0,1.0,1.0,1.0,1.0,1.0,1.0,0.0
COG1538,1.0,1.0,1.0,1.0,1.0,0.0,1.0,1.0,1.0
COG0791,1.0,1.0,1.0,1.0,1.0,0.0,1.0,1.0,1.0
COG0519,1.0,1.0,1.0,1.0,1.0,0.0,1.0,1.0,1.0
COG0563,1.0,1.0,1.0,1.0,1.0,0.0,1.0,1.0,1.0
2DQRI,1.0,1.0,1.0,1.0,1.0,0.0,1.0,1.0,1.0
COG0750,1.0,1.0,1.0,1.0,1.0,0.0,1.0,1.0,1.0
COG2960,1.0,0.0,1.0,1.0,1.0,1.0,1.0,1.0,1.0
COG1802,1.0,1.0,1.0,0.0,1.0,1.0,1.0,1.0,1.0
COG0388,1.0,1.0,1.0,1.0,1.0,1.0,1.0,0.0,1.0
COG0719,1.0,1.0,1.0,1.0,1.0,1.0,1.0,1.0,0.0
COG0148,1.0,1.0,1.0,1.0,1.0,1.0,1.0,1.0,0.0
COG0372,1.0,1.0,1.0,1.0,1.0,0.0,1.0,1.0,1.0
COG0167,1.0,1.0,1.0,1.0,1.0,1.0,1.0,1.0,0.0
COG0254,1.0,1.0,1.0,1.0,1.0,1.0,1.0,1.0,0.0
COG1158,1.0,1.0,1.0,1.0,1.0,1.0,1.0,1.0,0.0
COG1145,1.0,1.0,0.0,1.0,1.0,1.0,1.0,1.0,1.0
COG1309,1.0,1.0,1.0,1.0,1.0,0.0,1.0,1.0,1.0
COG0151,0.0,1.0,1.0,1.0,1.0,1.0,1.0,1.0,1.0
COG1044,1.0,1.0,1.0,1.0,1.0,1.0,0.0,1.0,1.0
COG2825,1.0,1.0,1.0,1.0,1.0,1.0,0.0,1.0,1.0
COG0193,1.0,1.0,1.0,1.0,1.0,1.0,1.0,1.0,0.0
COG1960,1.0,1.0,1.0,1.0,1.0,0.0,1.0,1.0,1.0
COG1198,1.0,0.0,1.0,1.0,1.0,1.0,1.0,1.0,1.0
COG0623,1.0,0.0,1.0,1.0,1.0,1.0,1.0,1.0,1.0
COG4123,1.0,1.0,0.0,1.0,1.0,1.0,1.0,1.0,1.0
COG4654,1.0,1.0,0.0,1.0,1.0,1.0,1.0,1.0,1.0
COG1207,1.0,0.0,1.0,1.0,1.0,1.0,1.0,1.0,1.0
COG1197,1.0,0.0,1.0,1.0,1.0,1.0,1.0,1.0,1.0
COG1335,1.0,1.0,1.0,1.0,1.0,0.0,1.0,1.0,1.0
COG2891,1.0,1.0,1.0,1.0,1.0,0.0,1.0,1.0,1.0
COG0859,1.0,1.0,1.0,1.0,1.0,1.0,0.0,1.0,1.0
COG0214,1.0,1.0,1.0,1.0,1.0,1.0,0.0,1.0,1.0
COG0129,1.0,1.0,1.0,1.0,1.0,0.0,1.0,1.0,1.0
COG0769,1.0,1.0,1.0,1.0,1.0,0.0,1.0,1.0,1.0
COG4969,1.0,0.0,1.0,1.0,1.0,1.0,1.0,1.0,1.0
COG0470,1.0,0.0,1.0,1.0,1.0,1.0,1.0,1.0,1.0
COG0668,1.0,1.0,1.0,1.0,1.0,1.0,1.0,0.0,1.0
COG0757,1.0,1.0,1.0,0.0,1.0,1.0,1.0,1.0,1.0
COG0815,1.0,1.0,1.0,1.0,1.0,1.0,0.0,1.0,1.0
COG1680,1.0,1.0,1.0,1.0,1.0,1.0,0.0,1.0,1.0
COG1146,1.0,1.0,1.0,1.0,1.0,1.0,0.0,1.0,1.0
COG0524,1.0,1.0,1.0,1.0,1.0,0.0,1.0,1.0,1.0
COG0119,1.0,1.0,1.0,1.0,1.0,0.0,1.0,1.0,1.0
COG0192,1.0,1.0,1.0,1.0,1.0,0.0,1.0,1.0,1.0
COG0230,1.0,1.0,1.0,1.0,1.0,0.0,1.0,1.0,1.0
COG1194,1.0,1.0,1.0,1.0,1.0,0.0,1.0,1.0,1.0
COG0788,1.0,1.0,1.0,1.0,1.0,1.0,0.0,1.0,1.0
COG0115,1.0,1.0,1.0,1.0,1.0,1.0,0.0,1.0,1.0
COG1159,1.0,1.0,1.0,1.0,1.0,1.0,0.0,1.0,1.0
COG1607,1.0,0.0,1.0,1.0,1.0,1.0,1.0,1.0,1.0
COG0210,1.0,0.0,1.0,1.0,1.0,1.0,1.0,1.0,1.0
COG0179,1.0,1.0,0.0,1.0,1.0,1.0,1.0,1.0,1.0
COG1225,1.0,0.0,1.0,1.0,1.0,1.0,1.0,1.0,1.0
COG0758,1.0,1.0,1.0,1.0,1.0,0.0,1.0,1.0,1.0
2AQF3,1.0,1.0,1.0,1.0,1.0,0.0,1.0,1.0,1.0
COG1452,1.0,1.0,0.0,1.0,1.0,1.0,1.0,1.0,1.0
COG0472,1.0,0.0,1.0,1.0,1.0,1.0,1.0,1.0,1.0
COG0039,1.0,0.0,1.0,1.0,1.0,1.0,1.0,1.0,1.0
COG0276,1.0,1.0,1.0,1.0,1.0,1.0,1.0,1.0,0.0
COG0242,1.0,1.0,1.0,1.0,1.0,1.0,0.0,1.0,1.0
COG0144,1.0,1.0,0.0,1.0,1.0,1.0,1.0,1.0,1.0
COG0492,0.0,1.0,1.0,1.0,1.0,1.0,1.0,1.0,1.0
COG3909,1.0,1.0,0.0,1.0,1.0,1.0,1.0,1.0,1.0
COG0608,1.0,1.0,1.0,1.0,1.0,0.0,1.0,1.0,1.0
COG0774,1.0,1.0,1.0,1.0,1.0,0.0,1.0,1.0,1.0
COG0206,1.0,1.0,1.0,1.0,1.0,0.0,1.0,1.0,1.0
COG0849,1.0,1.0,1.0,1.0,1.0,0.0,1.0,1.0,1.0
COG2001,1.0,1.0,1.0,1.0,1.0,0.0,1.0,1.0,1.0
COG0308,1.0,1.0,0.0,1.0,1.0,1.0,1.0,1.0,1.0
COG0816,1.0,1.0,0.0,1.0,1.0,1.0,1.0,1.0,1.0
COG3633,1.0,1.0,0.0,1.0,1.0,1.0,1.0,1.0,1.0
COG0479,1.0,1.0,0.0,1.0,1.0,1.0,1.0,1.0,1.0
COG2142,1.0,0.0,1.0,1.0,1.0,1.0,1.0,1.0,1.0
COG2009,1.0,0.0,1.0,1.0,1.0,1.0,1.0,1.0,1.0
COG0653,1.0,0.0,1.0,1.0,1.0,1.0,1.0,1.0,1.0
COG0263,1.0,0.0,1.0,1.0,1.0,1.0,1.0,1.0,1.0
COG0215,1.0,1.0,0.0,1.0,1.0,1.0,1.0,1.0,1.0
COG2921,1.0,1.0,0.0,1.0,1.0,1.0,1.0,1.0,1.0
COG0082,1.0,1.0,0.0,1.0,1.0,1.0,1.0,1.0,1.0
COG1534,1.0,1.0,0.0,1.0,1.0,1.0,1.0,1.0,1.0
COG0355,1.0,1.0,1.0,1.0,1.0,1.0,0.0,1.0,1.0
COG0837,1.0,0.0,1.0,1.0,1.0,1.0,1.0,1.0,1.0
COG1555,1.0,1.0,1.0,1.0,1.0,0.0,1.0,1.0,1.0
COG4970,1.0,1.0,1.0,1.0,1.0,0.0,1.0,1.0,1.0
COG2878,1.0,0.0,1.0,1.0,1.0,1.0,1.0,1.0,1.0
COG0177,1.0,0.0,1.0,1.0,1.0,1.0,1.0,1.0,1.0
COG2070,1.0,0.0,1.0,1.0,1.0,1.0,1.0,1.0,1.0
COG2867,1.0,0.0,1.0,1.0,1.0,1.0,1.0,1.0,1.0
COG2914,1.0,0.0,1.0,1.0,1.0,1.0,1.0,1.0,1.0
COG0216,1.0,1.0,1.0,1.0,1.0,0.0,1.0,1.0,1.0
COG2919,1.0,1.0,1.0,1.0,1.0,0.0,1.0,1.0,1.0
COG3109,1.0,1.0,1.0,1.0,1.0,0.0,1.0,1.0,1.0
COG0018,1.0,1.0,1.0,1.0,1.0,0.0,1.0,1.0,1.0
COG3087,1.0,1.0,1.0,1.0,1.0,0.0,1.0,1.0,1.0
COG0629,1.0,1.0,1.0,1.0,1.0,0.0,1.0,1.0,1.0
COG0212,1.0,1.0,1.0,1.0,1.0,0.0,1.0,1.0,1.0
COG0459,0.0,1.0,1.0,1.0,1.0,1.0,1.0,1.0,1.0
COG1565,1.0,1.0,1.0,1.0,1.0,1.0,0.0,1.0,1.0
COG0043,1.0,1.0,1.0,1.0,1.0,0.0,1.0,1.0,1.0
COG0165,1.0,1.0,1.0,1.0,1.0,1.0,1.0,1.0,0.0
COG0287,1.0,1.0,1.0,1.0,1.0,1.0,1.0,1.0,0.0
COG0746,1.0,1.0,1.0,1.0,1.0,1.0,0.0,1.0,1.0
COG1192,1.0,1.0,0.0,1.0,1.0,1.0,1.0,1.0,1.0
COG1475,1.0,1.0,0.0,1.0,1.0,1.0,1.0,1.0,1.0
COG0012,1.0,1.0,1.0,1.0,1.0,1.0,1.0,1.0,0.0
COG0692,1.0,1.0,1.0,1.0,1.0,1.0,1.0,1.0,0.0
COG0050,1.0,1.0,1.0,1.0,1.0,1.0,1.0,1.0,0.0
COG1765,1.0,0.0,1.0,1.0,1.0,1.0,1.0,1.0,1.0
COG1278,1.0,1.0,1.0,1.0,1.0,0.0,1.0,1.0,1.0
COG0801,1.0,1.0,1.0,1.0,1.0,0.0,1.0,1.0,1.0
COG0127,1.0,1.0,1.0,1.0,1.0,0.0,1.0,1.0,1.0
COG0320,1.0,0.0,1.0,1.0,1.0,1.0,1.0,1.0,1.0
COG1585,1.0,0.0,1.0,1.0,1.0,1.0,1.0,1.0,1.0
28JMK,1.0,0.0,1.0,1.0,1.0,1.0,1.0,1.0,1.0
COG0486,1.0,1.0,1.0,1.0,1.0,0.0,1.0,1.0,1.0
COG1188,1.0,1.0,1.0,1.0,1.0,0.0,1.0,1.0,1.0
COG0851,1.0,1.0,1.0,1.0,1.0,0.0,1.0,1.0,1.0
COG2894,1.0,1.0,1.0,1.0,1.0,0.0,1.0,1.0,1.0
COG0850,1.0,1.0,1.0,1.0,1.0,0.0,1.0,1.0,1.0
COG0647,1.0,1.0,1.0,1.0,1.0,0.0,1.0,1.0,1.0
COG0248,1.0,1.0,1.0,1.0,1.0,0.0,1.0,1.0,1.0
COG1466,1.0,1.0,1.0,1.0,0.0,1.0,1.0,1.0,1.0
COG1544,1.0,1.0,1.0,1.0,0.0,1.0,1.0,1.0,1.0
COG0244,1.0,1.0,1.0,1.0,0.0,1.0,1.0,1.0,1.0
COG0723,1.0,1.0,1.0,1.0,0.0,1.0,1.0,1.0,1.0
COG0231,1.0,1.0,1.0,1.0,0.0,1.0,1.0,1.0,1.0
COG4663,1.0,1.0,1.0,1.0,0.0,1.0,1.0,1.0,1.0
COG4664,1.0,1.0,1.0,1.0,0.0,1.0,1.0,1.0,1.0
COG1807,1.0,1.0,1.0,1.0,0.0,1.0,1.0,1.0,1.0
COG0652,1.0,1.0,1.0,1.0,0.0,1.0,1.0,1.0,1.0
28NXH,1.0,1.0,1.0,1.0,0.0,1.0,1.0,1.0,1.0
COG0705,1.0,1.0,1.0,1.0,0.0,1.0,1.0,1.0,1.0
COG0814,1.0,1.0,1.0,1.0,0.0,1.0,1.0,1.0,1.0
COG1393,1.0,1.0,1.0,1.0,0.0,1.0,1.0,1.0,1.0
COG1566,1.0,1.0,1.0,1.0,0.0,1.0,1.0,1.0,1.0
COG0776,1.0,1.0,1.0,1.0,0.0,1.0,1.0,1.0,1.0
COG2901,1.0,1.0,1.0,1.0,0.0,1.0,1.0,1.0,1.0
COG2091,1.0,1.0,1.0,1.0,0.0,1.0,1.0,1.0,1.0
COG2606,1.0,1.0,1.0,1.0,0.0,1.0,1.0,1.0,1.0
COG0798,1.0,0.0,0.0,0.0,1.0,1.0,0.0,0.0,0.0
2AQEY,1.0,1.0,0.0,1.0,1.0,1.0,0.0,0.0,1.0
COG2927,1.0,1.0,1.0,1.0,1.0,0.0,0.0,1.0,1.0
COG2211,1.0,1.0,0.0,1.0,1.0,1.0,1.0,0.0,1.0
KOG2385,1.0,1.0,1.0,0.0,1.0,1.0,1.0,0.0,1.0
2EF8V,1.0,1.0,1.0,0.0,1.0,0.0,0.0,0.0,1.0
COG2610,1.0,0.0,1.0,1.0,1.0,1.0,1.0,1.0,0.0
COG1929,1.0,1.0,0.0,1.0,1.0,1.0,0.0,1.0,1.0
COG3602,1.0,0.0,1.0,1.0,1.0,1.0,0.0,1.0,1.0
COG0322,1.0,0.0,1.0,1.0,1.0,1.0,0.0,1.0,1.0
COG0587,1.0,0.0,0.0,1.0,1.0,1.0,0.0,1.0,1.0
COG1489,1.0,0.0,1.0,0.0,1.0,1.0,0.0,1.0,0.0
COG0551,1.0,0.0,1.0,1.0,1.0,1.0,0.0,1.0,1.0
COG2827,1.0,0.0,1.0,1.0,1.0,1.0,0.0,1.0,1.0
COG1058,1.0,0.0,1.0,1.0,1.0,1.0,0.0,1.0,1.0
COG0632,1.0,1.0,1.0,0.0,1.0,1.0,0.0,1.0,0.0
COG0817,1.0,1.0,1.0,0.0,1.0,1.0,0.0,1.0,0.0
COG0217,1.0,1.0,1.0,0.0,1.0,1.0,1.0,1.0,0.0
COG0103,1.0,1.0,0.0,0.0,1.0,1.0,1.0,1.0,1.0
COG0673,1.0,0.0,1.0,1.0,1.0,1.0,0.0,1.0,1.0
COG1670,1.0,1.0,0.0,1.0,1.0,1.0,1.0,1.0,0.0
COG0753,1.0,0.0,0.0,1.0,1.0,1.0,1.0,1.0,1.0
COG1720,1.0,0.0,0.0,1.0,1.0,0.0,1.0,1.0,1.0
COG0272,1.0,0.0,1.0,1.0,1.0,0.0,1.0,1.0,1.0
COG0610,0.0,0.0,1.0,1.0,1.0,1.0,1.0,1.0,0.0
COG2189,0.0,0.0,1.0,0.0,1.0,0.0,1.0,1.0,1.0
COG0553,1.0,0.0,1.0,0.0,1.0,1.0,1.0,0.0,1.0
COG0580,1.0,1.0,0.0,0.0,1.0,1.0,1.0,0.0,1.0
COG1879,1.0,0.0,1.0,0.0,1.0,0.0,0.0,0.0,0.0
COG3737,1.0,0.0,0.0,1.0,1.0,1.0,0.0,1.0,0.0
COG2999,1.0,0.0,1.0,0.0,1.0,1.0,1.0,0.0,0.0
COG0069,1.0,1.0,0.0,0.0,1.0,1.0,1.0,1.0,1.0
COG0495,1.0,1.0,0.0,1.0,1.0,1.0,0.0,1.0,1.0
COG3210,1.0,0.0,1.0,0.0,1.0,1.0,1.0,1.0,0.0
COG1490,1.0,1.0,1.0,1.0,1.0,0.0,0.0,1.0,1.0
COG0387,1.0,1.0,0.0,0.0,1.0,1.0,0.0,0.0,0.0
2ADVK,1.0,0.0,0.0,0.0,1.0,0.0,0.0,0.0,0.0
COG2022,1.0,0.0,0.0,1.0,1.0,1.0,0.0,0.0,1.0
2CPDF,1.0,0.0,1.0,0.0,1.0,1.0,0.0,0.0,0.0
COG1982,0.0,1.0,1.0,1.0,1.0,1.0,0.0,0.0,1.0
COG3422,1.0,0.0,0.0,1.0,1.0,1.0,1.0,1.0,0.0
COG0307,1.0,1.0,0.0,1.0,1.0,1.0,0.0,1.0,1.0
COG0108,1.0,1.0,0.0,1.0,1.0,1.0,0.0,1.0,1.0
COG0054,1.0,1.0,0.0,1.0,1.0,1.0,1.0,1.0,0.0
COG0810,1.0,0.0,1.0,1.0,1.0,0.0,1.0,1.0,1.0
COG0359,0.0,1.0,1.0,1.0,1.0,0.0,1.0,1.0,1.0
COG0238,0.0,1.0,1.0,0.0,1.0,0.0,1.0,1.0,0.0
COG0360,1.0,1.0,1.0,1.0,1.0,0.0,0.0,1.0,0.0
COG1075,1.0,0.0,1.0,1.0,1.0,1.0,1.0,0.0,0.0
COG0642,1.0,1.0,1.0,1.0,1.0,1.0,1.0,0.0,0.0
29YHH,1.0,0.0,1.0,0.0,1.0,1.0,1.0,0.0,0.0
COG0544,1.0,1.0,1.0,0.0,1.0,0.0,1.0,1.0,0.0
COG0828,1.0,1.0,0.0,0.0,1.0,0.0,1.0,1.0,0.0
COG2197,1.0,0.0,1.0,1.0,1.0,1.0,1.0,0.0,1.0
2A84Z,1.0,0.0,0.0,0.0,1.0,1.0,0.0,0.0,0.0
COG0132,1.0,0.0,0.0,1.0,1.0,1.0,0.0,1.0,1.0
COG0220,1.0,0.0,1.0,1.0,1.0,1.0,0.0,1.0,1.0
COG0016,1.0,1.0,0.0,1.0,1.0,1.0,0.0,1.0,1.0
COG0290,1.0,1.0,1.0,1.0,1.0,0.0,0.0,1.0,1.0
COG3293,1.0,0.0,1.0,0.0,1.0,0.0,0.0,0.0,0.0
COG3622,0.0,0.0,0.0,1.0,1.0,0.0,1.0,0.0,0.0
COG3681,1.0,0.0,0.0,0.0,1.0,1.0,1.0,0.0,0.0
COG0531,1.0,1.0,1.0,1.0,1.0,1.0,0.0,0.0,1.0
COG1009,0.0,0.0,0.0,1.0,1.0,0.0,1.0,1.0,0.0
COG0713,0.0,0.0,0.0,1.0,1.0,0.0,1.0,1.0,0.0
COG0839,0.0,0.0,1.0,1.0,1.0,0.0,1.0,1.0,0.0
COG1357,1.0,0.0,0.0,0.0,1.0,1.0,1.0,0.0,0.0
COG1066,1.0,0.0,1.0,1.0,1.0,1.0,0.0,1.0,1.0
COG0646,1.0,1.0,1.0,1.0,1.0,1.0,0.0,0.0,1.0
COG3682,1.0,0.0,1.0,1.0,1.0,0.0,1.0,1.0,1.0
COG2978,1.0,0.0,0.0,1.0,1.0,1.0,0.0,1.0,1.0
COG0603,1.0,0.0,0.0,1.0,1.0,1.0,1.0,0.0,1.0
COG0779,1.0,1.0,1.0,1.0,1.0,0.0,1.0,1.0,0.0
COG0602,1.0,0.0,0.0,0.0,1.0,1.0,1.0,0.0,1.0
COG0720,1.0,0.0,0.0,0.0,1.0,1.0,1.0,0.0,1.0
COG2188,1.0,0.0,1.0,1.0,1.0,0.0,1.0,0.0,1.0
COG2987,1.0,0.0,1.0,1.0,1.0,0.0,1.0,0.0,1.0
COG1228,1.0,0.0,0.0,1.0,1.0,1.0,1.0,0.0,1.0
COG0010,1.0,0.0,1.0,1.0,1.0,1.0,1.0,0.0,1.0
COG0599,1.0,1.0,1.0,0.0,1.0,1.0,1.0,1.0,0.0
COG2050,1.0,1.0,0.0,1.0,1.0,0.0,1.0,1.0,0.0
COG2356,0.0,0.0,1.0,1.0,1.0,1.0,1.0,0.0,0.0
COG2608,0.0,0.0,1.0,1.0,1.0,1.0,1.0,1.0,1.0
COG0451,0.0,0.0,1.0,1.0,1.0,1.0,1.0,1.0,1.0
2BFBW,1.0,0.0,1.0,0.0,1.0,1.0,1.0,0.0,1.0
28JBH,1.0,0.0,0.0,0.0,1.0,1.0,0.0,0.0,0.0
2DB8V,0.0,0.0,1.0,0.0,1.0,1.0,1.0,1.0,0.0
COG0038,1.0,1.0,1.0,1.0,1.0,1.0,1.0,0.0,0.0
COG1914,1.0,0.0,1.0,1.0,1.0,1.0,1.0,0.0,0.0
COG1540,1.0,0.0,0.0,1.0,1.0,1.0,1.0,0.0,0.0
COG1984,1.0,1.0,0.0,1.0,1.0,1.0,1.0,0.0,0.0
COG2049,1.0,1.0,0.0,1.0,1.0,1.0,1.0,0.0,0.0
COG0730,1.0,1.0,1.0,1.0,1.0,0.0,0.0,1.0,1.0
COG0826,1.0,1.0,0.0,1.0,1.0,0.0,1.0,1.0,1.0
28PP3,1.0,0.0,0.0,0.0,1.0,0.0,0.0,0.0,0.0
COG1917,1.0,1.0,1.0,0.0,1.0,0.0,1.0,1.0,0.0
COG0579,1.0,1.0,0.0,1.0,1.0,0.0,1.0,0.0,1.0
2AMA3,1.0,0.0,0.0,0.0,1.0,0.0,0.0,0.0,0.0
COG0598,1.0,0.0,1.0,1.0,1.0,0.0,1.0,1.0,1.0
COG0416,1.0,0.0,1.0,1.0,1.0,1.0,1.0,1.0,0.0
COG0333,1.0,0.0,1.0,1.0,1.0,1.0,1.0,1.0,0.0
COG1399,1.0,0.0,1.0,1.0,1.0,1.0,1.0,1.0,0.0
COG0102,1.0,1.0,0.0,0.0,1.0,1.0,1.0,1.0,1.0
COG2375,1.0,0.0,0.0,1.0,1.0,1.0,0.0,0.0,0.0
COG1299,1.0,0.0,1.0,0.0,1.0,1.0,0.0,0.0,0.0
COG4148,1.0,1.0,1.0,1.0,1.0,0.0,0.0,1.0,1.0
COG4149,1.0,1.0,1.0,1.0,1.0,0.0,0.0,1.0,1.0
COG1600,1.0,0.0,1.0,1.0,1.0,0.0,1.0,1.0,0.0
COG2851,0.0,0.0,0.0,1.0,1.0,1.0,1.0,0.0,1.0
COG4291,1.0,1.0,0.0,1.0,1.0,1.0,1.0,0.0,1.0
COG2801,1.0,0.0,1.0,1.0,1.0,0.0,0.0,1.0,0.0
COG2963,1.0,0.0,1.0,1.0,1.0,0.0,0.0,1.0,0.0
COG2759,1.0,0.0,0.0,0.0,1.0,1.0,0.0,0.0,0.0
COG0121,1.0,0.0,0.0,1.0,1.0,1.0,0.0,1.0,1.0
COG1301,1.0,0.0,1.0,1.0,1.0,1.0,0.0,1.0,0.0
COG1643,1.0,0.0,1.0,1.0,1.0,1.0,0.0,1.0,1.0
COG2132,0.0,0.0,0.0,0.0,1.0,1.0,0.0,0.0,0.0
COG5592,1.0,0.0,0.0,0.0,1.0,0.0,0.0,0.0,0.0
COG2846,0.0,0.0,0.0,0.0,1.0,1.0,0.0,0.0,0.0
COG3850,1.0,0.0,0.0,0.0,1.0,1.0,0.0,0.0,0.0
COG2223,1.0,0.0,0.0,0.0,1.0,1.0,0.0,1.0,0.0
COG1080,1.0,0.0,1.0,0.0,1.0,1.0,1.0,0.0,0.0
COG3384,1.0,1.0,1.0,1.0,1.0,0.0,0.0,1.0,1.0
COG0049,0.0,1.0,0.0,0.0,1.0,1.0,1.0,1.0,0.0
COG0048,0.0,1.0,0.0,0.0,1.0,0.0,1.0,1.0,0.0
COG1526,0.0,1.0,0.0,1.0,1.0,0.0,1.0,1.0,0.0
COG1422,1.0,0.0,1.0,1.0,1.0,1.0,0.0,1.0,0.0
COG2011,1.0,0.0,1.0,1.0,1.0,1.0,0.0,1.0,1.0
COG0232,1.0,1.0,0.0,1.0,1.0,1.0,1.0,1.0,0.0
COG0533,1.0,1.0,0.0,1.0,1.0,1.0,1.0,1.0,0.0
COG0818,1.0,1.0,0.0,1.0,1.0,1.0,1.0,1.0,0.0
COG0825,1.0,1.0,0.0,1.0,1.0,1.0,0.0,1.0,1.0
COG2607,1.0,1.0,0.0,1.0,1.0,1.0,0.0,1.0,1.0
COG2222,1.0,0.0,0.0,1.0,1.0,1.0,0.0,1.0,1.0
COG1820,1.0,1.0,0.0,1.0,1.0,1.0,0.0,1.0,1.0
COG1551,1.0,0.0,0.0,1.0,1.0,1.0,1.0,1.0,0.0
COG3853,1.0,0.0,1.0,1.0,1.0,0.0,1.0,0.0,1.0
2BHXU,1.0,0.0,1.0,1.0,1.0,0.0,1.0,0.0,0.0
COG1180,1.0,0.0,0.0,0.0,1.0,1.0,1.0,0.0,0.0
COG1882,1.0,0.0,0.0,0.0,1.0,1.0,1.0,0.0,0.0
COG3091,1.0,1.0,1.0,1.0,1.0,0.0,1.0,1.0,0.0
COG1702,1.0,0.0,1.0,1.0,1.0,0.0,1.0,1.0,1.0
COG0319,1.0,1.0,1.0,1.0,1.0,0.0,0.0,1.0,1.0
COG1826,0.0,1.0,1.0,1.0,1.0,0.0,0.0,1.0,0.0
COG3369,0.0,0.0,1.0,0.0,1.0,0.0,1.0,0.0,0.0
COG0439,0.0,1.0,1.0,1.0,1.0,1.0,1.0,1.0,0.0
COG3658,1.0,0.0,0.0,1.0,1.0,0.0,1.0,1.0,1.0
COG4608,0.0,1.0,0.0,1.0,1.0,0.0,0.0,1.0,1.0
COG0444,1.0,1.0,1.0,1.0,1.0,0.0,0.0,1.0,1.0
COG1173,1.0,1.0,1.0,1.0,1.0,0.0,0.0,1.0,1.0
COG0601,1.0,1.0,1.0,1.0,1.0,0.0,0.0,1.0,1.0
2EJEZ,1.0,0.0,1.0,1.0,1.0,1.0,0.0,1.0,1.0
COG0422,1.0,0.0,0.0,1.0,1.0,1.0,0.0,1.0,0.0
2AMM7,1.0,0.0,0.0,1.0,1.0,0.0,0.0,0.0,0.0
COG2193,1.0,0.0,1.0,1.0,1.0,0.0,0.0,0.0,1.0
COG2906,1.0,0.0,1.0,1.0,1.0,0.0,0.0,0.0,1.0
COG2269,1.0,0.0,0.0,1.0,1.0,0.0,0.0,1.0,1.0
COG1981,1.0,0.0,1.0,1.0,1.0,1.0,0.0,1.0,1.0
COG0821,1.0,0.0,1.0,1.0,1.0,1.0,0.0,1.0,1.0
COG2255,1.0,0.0,1.0,1.0,1.0,1.0,0.0,1.0,1.0
COG2833,1.0,0.0,1.0,0.0,1.0,1.0,1.0,0.0,1.0
COG1472,1.0,1.0,1.0,0.0,1.0,1.0,0.0,1.0,1.0
COG4085,0.0,0.0,0.0,0.0,1.0,1.0,0.0,1.0,0.0
29YDY,0.0,0.0,0.0,0.0,1.0,1.0,0.0,0.0,0.0
COG1064,1.0,0.0,0.0,0.0,1.0,1.0,1.0,0.0,0.0
2B67D,1.0,1.0,0.0,0.0,1.0,1.0,1.0,0.0,1.0
29W28,1.0,0.0,1.0,1.0,1.0,0.0,1.0,1.0,1.0
COG2365,1.0,0.0,0.0,1.0,1.0,0.0,1.0,1.0,1.0
COG1027,1.0,1.0,0.0,1.0,1.0,0.0,1.0,1.0,1.0
COG3770,1.0,0.0,0.0,1.0,1.0,1.0,1.0,1.0,1.0
2CGJP,1.0,0.0,1.0,1.0,1.0,1.0,1.0,0.0,1.0
COG1760,1.0,0.0,0.0,0.0,1.0,0.0,1.0,0.0,0.0
COG1414,1.0,0.0,1.0,1.0,1.0,0.0,0.0,1.0,1.0
COG2890,1.0,1.0,1.0,1.0,1.0,0.0,0.0,1.0,0.0
COG1297,1.0,0.0,1.0,1.0,1.0,0.0,0.0,0.0,0.0
COG3664,1.0,0.0,1.0,0.0,1.0,1.0,1.0,0.0,0.0
COG0139,1.0,1.0,1.0,0.0,1.0,0.0,0.0,0.0,0.0
29Z9P,1.0,0.0,0.0,0.0,1.0,0.0,0.0,0.0,0.0
2A07X,1.0,0.0,0.0,1.0,1.0,0.0,0.0,0.0,0.0
COG0005,1.0,0.0,0.0,0.0,1.0,0.0,0.0,0.0,0.0
COG0370,1.0,0.0,1.0,1.0,1.0,0.0,1.0,1.0,1.0
COG1918,1.0,0.0,0.0,1.0,1.0,0.0,0.0,1.0,1.0
COG0518,0.0,0.0,0.0,1.0,1.0,0.0,0.0,0.0,0.0
COG5405,0.0,0.0,1.0,1.0,1.0,0.0,1.0,1.0,1.0
COG1220,0.0,0.0,1.0,1.0,1.0,0.0,1.0,1.0,1.0
COG1561,1.0,0.0,1.0,1.0,1.0,1.0,0.0,1.0,1.0
COG1363,1.0,0.0,0.0,1.0,1.0,1.0,1.0,1.0,1.0
COG0344,1.0,0.0,1.0,1.0,1.0,1.0,0.0,1.0,1.0
COG1199,1.0,0.0,1.0,1.0,1.0,1.0,0.0,1.0,1.0
COG1286,1.0,0.0,1.0,1.0,1.0,1.0,1.0,1.0,0.0
COG3147,1.0,0.0,1.0,1.0,1.0,1.0,1.0,1.0,0.0
COG0696,1.0,0.0,1.0,1.0,1.0,0.0,0.0,1.0,0.0
COG2081,1.0,0.0,1.0,1.0,1.0,0.0,0.0,1.0,1.0
COG0747,1.0,0.0,0.0,1.0,1.0,0.0,0.0,0.0,1.0
COG1253,0.0,1.0,1.0,1.0,1.0,1.0,0.0,1.0,1.0
COG1281,0.0,1.0,1.0,1.0,1.0,1.0,0.0,1.0,1.0
COG2080,1.0,1.0,1.0,0.0,1.0,1.0,1.0,0.0,1.0
COG1529,1.0,1.0,1.0,0.0,1.0,1.0,1.0,0.0,1.0
COG0209,0.0,0.0,1.0,1.0,1.0,1.0,1.0,1.0,0.0
COG0502,1.0,0.0,1.0,0.0,1.0,1.0,1.0,1.0,1.0
COG0449,1.0,1.0,1.0,0.0,1.0,1.0,1.0,0.0,1.0
COG3758,0.0,1.0,1.0,0.0,1.0,1.0,1.0,0.0,1.0
COG1787,1.0,1.0,1.0,0.0,1.0,1.0,1.0,0.0,1.0
COG1271,1.0,1.0,1.0,1.0,1.0,0.0,0.0,1.0,1.0
COG1294,1.0,1.0,1.0,1.0,1.0,0.0,0.0,1.0,1.0
COG0110,0.0,0.0,0.0,1.0,1.0,0.0,0.0,0.0,0.0
COG1209,0.0,0.0,0.0,1.0,1.0,0.0,1.0,0.0,0.0
COG1088,1.0,0.0,0.0,1.0,1.0,0.0,1.0,0.0,0.0
COG4816,1.0,0.0,0.0,0.0,1.0,0.0,0.0,0.0,0.0
COG3564,1.0,0.0,0.0,0.0,1.0,0.0,0.0,0.0,0.0
COG4303,1.0,0.0,0.0,0.0,1.0,0.0,0.0,0.0,0.0
COG4819,1.0,0.0,0.0,0.0,1.0,0.0,0.0,0.0,0.0
COG3192,1.0,0.0,0.0,0.0,1.0,0.0,0.0,0.0,0.0
COG3650,1.0,1.0,1.0,1.0,1.0,1.0,0.0,0.0,0.0
COG0685,1.0,1.0,1.0,1.0,1.0,1.0,0.0,0.0,1.0
COG1304,0.0,1.0,1.0,1.0,1.0,1.0,0.0,0.0,1.0
COG0203,1.0,1.0,1.0,0.0,1.0,0.0,1.0,1.0,1.0
COG2717,0.0,0.0,0.0,0.0,1.0,1.0,0.0,0.0,0.0
COG2041,0.0,0.0,0.0,0.0,1.0,1.0,0.0,0.0,0.0
COG0469,0.0,1.0,0.0,1.0,1.0,1.0,0.0,1.0,1.0
COG1574,1.0,1.0,1.0,1.0,1.0,0.0,0.0,0.0,1.0
COG3381,1.0,0.0,0.0,1.0,1.0,0.0,1.0,1.0,1.0
COG0191,1.0,1.0,1.0,1.0,1.0,0.0,0.0,1.0,1.0
COG1007,1.0,0.0,1.0,1.0,1.0,0.0,1.0,1.0,0.0
COG0521,1.0,0.0,1.0,1.0,1.0,0.0,1.0,1.0,0.0
COG0786,1.0,0.0,0.0,1.0,1.0,1.0,1.0,1.0,1.0
COG4666,0.0,1.0,1.0,1.0,1.0,0.0,1.0,1.0,1.0
COG4391,1.0,1.0,1.0,1.0,1.0,0.0,1.0,1.0,0.0
COG1214,1.0,1.0,1.0,1.0,1.0,0.0,1.0,1.0,0.0
COG0442,1.0,0.0,1.0,1.0,1.0,1.0,1.0,1.0,0.0
COG1034,1.0,0.0,1.0,1.0,1.0,1.0,1.0,1.0,0.0
COG2962,1.0,1.0,1.0,1.0,1.0,0.0,0.0,1.0,1.0
COG2877,1.0,1.0,1.0,1.0,1.0,0.0,0.0,1.0,1.0
29EG9,1.0,1.0,1.0,1.0,1.0,0.0,0.0,0.0,1.0
COG2220,1.0,0.0,1.0,0.0,1.0,0.0,1.0,1.0,1.0
COG2755,1.0,1.0,1.0,1.0,1.0,1.0,1.0,0.0,0.0
2E2U0,1.0,0.0,0.0,0.0,1.0,0.0,1.0,0.0,1.0
COG2938,1.0,0.0,1.0,1.0,1.0,1.0,0.0,1.0,1.0
COG0371,1.0,1.0,1.0,0.0,1.0,1.0,1.0,0.0,1.0
COG3713,1.0,0.0,1.0,1.0,1.0,1.0,1.0,0.0,0.0
COG0240,1.0,0.0,1.0,0.0,1.0,0.0,1.0,1.0,0.0
COG0113,1.0,0.0,1.0,1.0,1.0,0.0,1.0,1.0,0.0
29EGD,1.0,0.0,1.0,1.0,1.0,0.0,1.0,1.0,1.0
COG2961,1.0,0.0,0.0,0.0,1.0,1.0,1.0,0.0,0.0
COG3162,0.0,1.0,1.0,1.0,1.0,0.0,0.0,1.0,1.0
COG1063,1.0,0.0,0.0,1.0,1.0,1.0,1.0,0.0,1.0
COG2824,1.0,0.0,0.0,1.0,1.0,1.0,1.0,0.0,1.0
COG3049,0.0,0.0,0.0,1.0,1.0,1.0,1.0,0.0,1.0
COG0558,0.0,0.0,1.0,1.0,1.0,1.0,1.0,1.0,1.0
COG3211,0.0,0.0,1.0,1.0,1.0,1.0,0.0,0.0,1.0
COG4607,1.0,1.0,1.0,1.0,1.0,1.0,0.0,0.0,1.0
COG4604,1.0,0.0,1.0,1.0,1.0,0.0,0.0,0.0,1.0
COG4605,1.0,1.0,1.0,1.0,1.0,0.0,0.0,0.0,1.0
COG1902,1.0,0.0,1.0,0.0,1.0,1.0,0.0,0.0,0.0
COG0350,0.0,1.0,1.0,0.0,1.0,0.0,0.0,1.0,1.0
COG0820,0.0,1.0,1.0,1.0,1.0,0.0,0.0,1.0,1.0
COG0105,0.0,1.0,1.0,1.0,1.0,0.0,0.0,1.0,1.0
COG3104,0.0,0.0,1.0,1.0,1.0,0.0,0.0,0.0,0.0
COG3114,0.0,0.0,0.0,1.0,1.0,1.0,1.0,1.0,0.0
COG1282,1.0,0.0,1.0,1.0,1.0,0.0,1.0,1.0,1.0
COG1195,1.0,1.0,1.0,1.0,1.0,0.0,0.0,1.0,0.0
29HH0,1.0,0.0,1.0,1.0,1.0,1.0,1.0,0.0,1.0
COG0095,1.0,1.0,0.0,1.0,1.0,1.0,0.0,0.0,1.0
COG1609,1.0,0.0,0.0,1.0,1.0,1.0,0.0,0.0,0.0
COG0831,1.0,0.0,1.0,0.0,1.0,1.0,1.0,0.0,0.0
COG0832,1.0,0.0,1.0,0.0,1.0,1.0,1.0,0.0,0.0
COG0804,1.0,0.0,1.0,0.0,1.0,1.0,1.0,0.0,0.0
COG2371,1.0,0.0,1.0,0.0,1.0,0.0,1.0,0.0,0.0
COG0830,1.0,0.0,1.0,0.0,1.0,0.0,1.0,0.0,0.0
COG0378,1.0,0.0,1.0,0.0,1.0,0.0,1.0,0.0,0.0
COG0829,1.0,0.0,1.0,0.0,1.0,0.0,1.0,0.0,0.0
COG4413,1.0,0.0,0.0,0.0,1.0,1.0,1.0,0.0,0.0
COG0590,0.0,1.0,1.0,1.0,1.0,1.0,0.0,1.0,1.0
COG1485,0.0,1.0,1.0,1.0,1.0,1.0,0.0,1.0,1.0
COG0247,1.0,1.0,0.0,1.0,1.0,1.0,0.0,1.0,1.0
COG4558,1.0,1.0,0.0,1.0,1.0,1.0,1.0,0.0,1.0
COG4559,0.0,0.0,0.0,0.0,1.0,1.0,0.0,0.0,0.0
COG0046,1.0,0.0,1.0,1.0,1.0,1.0,0.0,1.0,1.0
COG0026,1.0,0.0,1.0,1.0,1.0,1.0,0.0,1.0,1.0
COG3137,1.0,1.0,0.0,1.0,1.0,1.0,0.0,0.0,1.0
COG0057,1.0,1.0,1.0,1.0,1.0,1.0,1.0,0.0,0.0
COG2066,0.0,0.0,0.0,0.0,1.0,1.0,0.0,0.0,0.0
COG0076,0.0,0.0,0.0,1.0,1.0,0.0,0.0,0.0,0.0
COG0717,1.0,0.0,1.0,1.0,1.0,1.0,0.0,1.0,1.0
COG0654,1.0,0.0,1.0,1.0,1.0,1.0,1.0,1.0,0.0
COG0315,1.0,0.0,1.0,1.0,1.0,0.0,1.0,1.0,0.0
COG3314,1.0,0.0,1.0,1.0,1.0,1.0,1.0,0.0,1.0
COG3040,1.0,1.0,1.0,1.0,1.0,1.0,1.0,0.0,0.0
COG0044,1.0,0.0,1.0,0.0,1.0,1.0,1.0,0.0,1.0
COG2181,1.0,0.0,0.0,0.0,1.0,1.0,0.0,0.0,0.0
COG2230,1.0,1.0,1.0,1.0,1.0,0.0,1.0,1.0,0.0
COG3113,1.0,0.0,0.0,1.0,1.0,1.0,1.0,0.0,1.0
COG3619,1.0,1.0,1.0,0.0,1.0,1.0,0.0,0.0,1.0
COG2161,1.0,0.0,0.0,0.0,1.0,1.0,0.0,0.0,1.0
COG2323,0.0,1.0,0.0,0.0,1.0,1.0,1.0,0.0,1.0
COG4820,1.0,0.0,0.0,0.0,1.0,0.0,0.0,0.0,0.0
COG4810,1.0,0.0,0.0,0.0,1.0,0.0,0.0,0.0,0.0
COG4917,1.0,0.0,0.0,0.0,1.0,0.0,0.0,0.0,0.0
COG4577,1.0,0.0,0.0,0.0,1.0,0.0,0.0,0.0,0.0
COG4656,1.0,0.0,0.0,0.0,1.0,0.0,0.0,0.0,0.0
COG0789,1.0,0.0,0.0,1.0,1.0,0.0,0.0,1.0,1.0
COG2813,1.0,1.0,1.0,1.0,1.0,0.0,0.0,1.0,1.0
COG1866,1.0,1.0,1.0,1.0,1.0,0.0,0.0,1.0,1.0
COG0797,1.0,1.0,1.0,1.0,1.0,0.0,0.0,1.0,1.0
COG2951,1.0,1.0,1.0,1.0,1.0,0.0,0.0,1.0,1.0
COG0732,1.0,0.0,1.0,1.0,1.0,1.0,0.0,1.0,0.0
COG2184,0.0,0.0,0.0,1.0,1.0,0.0,0.0,0.0,0.0
COG2128,1.0,1.0,1.0,1.0,1.0,0.0,1.0,0.0,1.0
COG1179,1.0,1.0,0.0,1.0,1.0,0.0,1.0,1.0,1.0
28INI,1.0,1.0,0.0,0.0,1.0,1.0,1.0,0.0,1.0
COG2140,1.0,1.0,1.0,0.0,1.0,1.0,0.0,0.0,1.0
COG0066,1.0,0.0,1.0,1.0,1.0,1.0,0.0,1.0,1.0
COG0065,1.0,0.0,1.0,1.0,1.0,1.0,0.0,1.0,1.0
COG0520,1.0,1.0,1.0,1.0,1.0,1.0,0.0,1.0,0.0
COG0396,1.0,1.0,1.0,1.0,1.0,1.0,0.0,1.0,0.0
COG1105,1.0,0.0,1.0,0.0,1.0,1.0,0.0,0.0,0.0
COG5013,1.0,0.0,0.0,0.0,1.0,1.0,0.0,0.0,0.0
COG1140,0.0,0.0,0.0,0.0,1.0,1.0,0.0,0.0,0.0
COG2180,0.0,0.0,0.0,0.0,1.0,1.0,0.0,0.0,0.0
COG0040,0.0,1.0,0.0,1.0,1.0,1.0,0.0,1.0,1.0
COG0414,1.0,0.0,0.0,1.0,1.0,1.0,0.0,1.0,1.0
COG0413,1.0,0.0,1.0,1.0,1.0,1.0,0.0,0.0,1.0
COG2519,1.0,0.0,1.0,1.0,1.0,1.0,0.0,0.0,1.0
COG0433,0.0,0.0,1.0,1.0,1.0,1.0,0.0,1.0,0.0
COG0738,1.0,0.0,0.0,0.0,1.0,0.0,1.0,0.0,0.0
COG1957,1.0,0.0,1.0,1.0,1.0,0.0,1.0,0.0,1.0
COG2431,1.0,0.0,1.0,0.0,1.0,0.0,1.0,1.0,0.0
2EGD6,1.0,0.0,1.0,0.0,1.0,0.0,1.0,1.0,1.0
COG0584,1.0,1.0,1.0,1.0,1.0,0.0,0.0,1.0,1.0
COG1518,1.0,0.0,0.0,1.0,1.0,0.0,1.0,1.0,0.0
COG1203,1.0,0.0,0.0,1.0,1.0,0.0,1.0,1.0,0.0
2DBF1,1.0,0.0,0.0,1.0,1.0,0.0,0.0,1.0,0.0
2DBIX,1.0,0.0,0.0,1.0,1.0,0.0,0.0,1.0,0.0
2DB80,1.0,0.0,0.0,1.0,1.0,0.0,0.0,1.0,0.0
2AUAD,1.0,0.0,0.0,0.0,1.0,0.0,0.0,0.0,0.0
COG3451,0.0,0.0,0.0,0.0,1.0,1.0,0.0,0.0,0.0
2C7V7,0.0,0.0,0.0,0.0,1.0,1.0,0.0,0.0,0.0
COG0401,0.0,0.0,1.0,1.0,1.0,1.0,1.0,1.0,1.0
COG1043,1.0,0.0,1.0,1.0,1.0,1.0,0.0,1.0,1.0
COG1825,1.0,1.0,1.0,1.0,1.0,1.0,0.0,1.0,0.0
COG2518,1.0,1.0,1.0,1.0,1.0,1.0,0.0,1.0,0.0
COG0112,1.0,1.0,0.0,1.0,1.0,1.0,0.0,1.0,0.0
COG1434,1.0,0.0,0.0,1.0,1.0,1.0,0.0,0.0,0.0
COG1506,1.0,0.0,1.0,1.0,1.0,1.0,1.0,0.0,0.0
COG2818,1.0,0.0,1.0,1.0,1.0,1.0,1.0,1.0,0.0
COG1622,1.0,1.0,0.0,0.0,1.0,1.0,1.0,0.0,1.0
COG0843,1.0,1.0,0.0,0.0,1.0,1.0,1.0,0.0,0.0
COG1845,1.0,0.0,0.0,0.0,1.0,1.0,0.0,0.0,1.0
COG3125,1.0,0.0,0.0,0.0,1.0,1.0,0.0,0.0,1.0
COG0109,1.0,0.0,0.0,0.0,1.0,1.0,0.0,0.0,1.0
COG3421,0.0,0.0,0.0,0.0,1.0,0.0,0.0,1.0,0.0
COG5614,0.0,0.0,1.0,1.0,1.0,0.0,1.0,1.0,0.0
COG1120,1.0,0.0,0.0,1.0,1.0,1.0,1.0,1.0,1.0
COG1408,1.0,0.0,1.0,0.0,1.0,1.0,0.0,0.0,1.0
COG0547,1.0,1.0,1.0,0.0,1.0,0.0,0.0,1.0,1.0
COG0134,1.0,1.0,1.0,0.0,1.0,0.0,0.0,1.0,1.0
COG0549,1.0,1.0,1.0,1.0,1.0,0.0,0.0,1.0,1.0
COG0074,1.0,0.0,1.0,1.0,1.0,1.0,0.0,0.0,0.0
COG2055,1.0,0.0,1.0,1.0,1.0,1.0,0.0,0.0,0.0
COG1112,1.0,0.0,0.0,0.0,1.0,1.0,0.0,0.0,0.0
COG2900,1.0,0.0,0.0,1.0,1.0,1.0,0.0,1.0,1.0
COG1143,1.0,0.0,1.0,1.0,1.0,0.0,1.0,1.0,0.0
COG1005,1.0,0.0,1.0,1.0,1.0,0.0,1.0,1.0,0.0
COG1974,1.0,1.0,0.0,1.0,1.0,1.0,0.0,1.0,0.0
2F2S5,1.0,1.0,0.0,1.0,1.0,1.0,1.0,0.0,1.0
COG0171,1.0,0.0,1.0,1.0,1.0,1.0,0.0,1.0,1.0
COG1488,1.0,1.0,1.0,1.0,1.0,0.0,0.0,1.0,1.0
COG3012,1.0,0.0,0.0,1.0,1.0,0.0,1.0,1.0,1.0
2BM8W,1.0,1.0,0.0,1.0,1.0,1.0,1.0,1.0,0.0
COG0275,1.0,1.0,0.0,1.0,1.0,1.0,1.0,1.0,0.0
COG3188,0.0,0.0,0.0,1.0,1.0,1.0,1.0,0.0,1.0
COG3121,0.0,0.0,0.0,1.0,1.0,1.0,1.0,0.0,1.0
COG3034,1.0,0.0,0.0,1.0,1.0,0.0,1.0,1.0,0.0
COG0752,1.0,1.0,0.0,1.0,1.0,0.0,0.0,1.0,1.0
COG2068,1.0,1.0,1.0,0.0,1.0,1.0,1.0,0.0,1.0
COG1975,1.0,1.0,1.0,0.0,1.0,1.0,1.0,0.0,1.0
COG0334,1.0,0.0,0.0,1.0,1.0,1.0,0.0,0.0,0.0
2BZG4,1.0,0.0,1.0,1.0,1.0,1.0,1.0,0.0,1.0
COG4336,1.0,1.0,1.0,1.0,1.0,0.0,1.0,0.0,1.0
2ATVH,1.0,1.0,1.0,0.0,1.0,1.0,0.0,1.0,1.0
COG0498,1.0,1.0,0.0,1.0,1.0,1.0,0.0,1.0,1.0
COG3654,0.0,0.0,0.0,0.0,1.0,1.0,0.0,0.0,0.0
2BGIY,0.0,0.0,0.0,0.0,1.0,1.0,0.0,0.0,0.0
COG1162,1.0,1.0,0.0,1.0,1.0,1.0,0.0,1.0,1.0
COG3641,1.0,1.0,0.0,1.0,1.0,1.0,0.0,1.0,1.0
COG2077,1.0,1.0,0.0,1.0,1.0,1.0,1.0,0.0,1.0
COG0620,1.0,1.0,1.0,1.0,1.0,0.0,0.0,0.0,1.0
COG0765,1.0,1.0,1.0,1.0,1.0,0.0,0.0,0.0,1.0
COG0663,0.0,1.0,1.0,1.0,1.0,0.0,0.0,1.0,1.0
COG0077,0.0,0.0,1.0,1.0,1.0,0.0,0.0,1.0,1.0
2EFW8,0.0,0.0,1.0,0.0,1.0,0.0,0.0,1.0,0.0
COG1539,0.0,0.0,1.0,1.0,1.0,1.0,0.0,1.0,1.0
COG3203,1.0,0.0,1.0,1.0,1.0,1.0,1.0,1.0,0.0
COG1610,1.0,0.0,0.0,1.0,1.0,1.0,1.0,1.0,1.0
COG1512,0.0,0.0,1.0,0.0,1.0,0.0,1.0,0.0,1.0
COG0160,1.0,0.0,1.0,1.0,1.0,1.0,0.0,0.0,0.0
COG3146,1.0,0.0,0.0,0.0,1.0,1.0,0.0,0.0,0.0
COG1947,1.0,0.0,1.0,1.0,1.0,0.0,0.0,1.0,0.0
COG3017,1.0,0.0,1.0,1.0,1.0,0.0,0.0,1.0,0.0
COG0462,1.0,0.0,1.0,1.0,1.0,0.0,1.0,1.0,1.0
COG2924,1.0,0.0,1.0,1.0,1.0,0.0,1.0,1.0,1.0
COG0594,0.0,1.0,1.0,1.0,1.0,0.0,1.0,1.0,1.0
COG1129,1.0,0.0,1.0,0.0,1.0,1.0,1.0,0.0,0.0
COG1869,1.0,0.0,1.0,0.0,1.0,1.0,1.0,0.0,0.0
COG1814,1.0,1.0,0.0,0.0,1.0,1.0,1.0,0.0,1.0
COG0295,1.0,0.0,0.0,0.0,1.0,1.0,1.0,0.0,0.0
COG4175,1.0,0.0,1.0,1.0,1.0,1.0,0.0,1.0,0.0
COG4176,1.0,0.0,1.0,1.0,1.0,1.0,0.0,1.0,0.0
COG2113,1.0,0.0,1.0,1.0,1.0,1.0,0.0,1.0,0.0
COG2856,1.0,0.0,0.0,0.0,1.0,0.0,0.0,0.0,0.0
COG1451,0.0,0.0,0.0,1.0,1.0,1.0,1.0,0.0,0.0
COG3005,1.0,0.0,0.0,1.0,1.0,1.0,1.0,1.0,0.0
COG0226,1.0,0.0,0.0,1.0,1.0,0.0,0.0,0.0,1.0
COG0573,1.0,0.0,1.0,1.0,1.0,0.0,0.0,0.0,1.0
COG0581,1.0,0.0,1.0,1.0,1.0,0.0,0.0,0.0,1.0
2C1VC,1.0,1.0,1.0,0.0,1.0,1.0,1.0,1.0,0.0
COG1696,1.0,1.0,1.0,1.0,1.0,1.0,1.0,0.0,0.0
COG2845,1.0,1.0,1.0,1.0,1.0,1.0,0.0,0.0,0.0
COG1183,1.0,0.0,1.0,1.0,1.0,0.0,1.0,1.0,1.0
COG2095,1.0,1.0,1.0,1.0,1.0,0.0,1.0,1.0,0.0
COG3586,1.0,0.0,1.0,1.0,1.0,0.0,0.0,0.0,0.0
2EPIR,0.0,0.0,0.0,1.0,1.0,0.0,1.0,0.0,1.0
29530,0.0,0.0,0.0,0.0,1.0,0.0,1.0,0.0,1.0
2ESH1,0.0,0.0,0.0,0.0,1.0,0.0,1.0,0.0,1.0
COG0464,1.0,0.0,1.0,0.0,1.0,0.0,1.0,0.0,1.0
COG0648,1.0,0.0,1.0,1.0,1.0,0.0,0.0,1.0,0.0
COG1252,0.0,0.0,1.0,0.0,1.0,0.0,0.0,0.0,0.0
COG0031,1.0,1.0,0.0,1.0,1.0,0.0,0.0,1.0,1.0
2DC0W,1.0,0.0,0.0,0.0,1.0,0.0,0.0,0.0,0.0
arCOG09719,1.0,1.0,0.0,0.0,1.0,0.0,0.0,1.0,0.0
COG0482,1.0,0.0,1.0,1.0,1.0,1.0,0.0,1.0,1.0
COG2704,1.0,0.0,0.0,0.0,1.0,1.0,1.0,0.0,0.0
COG5007,1.0,0.0,0.0,1.0,1.0,1.0,1.0,1.0,1.0
2EI1I,0.0,0.0,0.0,0.0,1.0,1.0,0.0,0.0,0.0
COG2026,1.0,0.0,0.0,0.0,1.0,1.0,0.0,0.0,0.0
COG2072,1.0,1.0,0.0,1.0,1.0,1.0,1.0,0.0,1.0
COG2345,1.0,0.0,1.0,0.0,1.0,1.0,0.0,0.0,0.0
COG0293,1.0,1.0,0.0,1.0,1.0,1.0,1.0,1.0,0.0
2EIHP,1.0,0.0,1.0,0.0,1.0,1.0,0.0,0.0,0.0
2BKYK,1.0,1.0,1.0,1.0,1.0,0.0,0.0,1.0,1.0
COG1296,1.0,1.0,1.0,1.0,1.0,0.0,0.0,1.0,1.0
COG0321,1.0,1.0,1.0,1.0,1.0,0.0,0.0,1.0,1.0
COG2501,0.0,1.0,0.0,0.0,1.0,0.0,0.0,0.0,1.0
COG0460,1.0,1.0,0.0,1.0,1.0,0.0,1.0,1.0,1.0
COG0556,1.0,1.0,1.0,1.0,1.0,0.0,0.0,1.0,1.0
COG0345,1.0,1.0,1.0,1.0,1.0,0.0,0.0,1.0,1.0
COG0178,1.0,0.0,1.0,1.0,1.0,1.0,0.0,1.0,1.0
COG0361,0.0,1.0,1.0,1.0,1.0,1.0,0.0,1.0,1.0
COG0689,0.0,1.0,1.0,1.0,1.0,1.0,0.0,1.0,1.0
COG0548,1.0,0.0,1.0,1.0,1.0,1.0,0.0,1.0,1.0
COG4992,1.0,0.0,1.0,1.0,1.0,0.0,1.0,1.0,1.0
COG4799,1.0,1.0,0.0,0.0,1.0,1.0,1.0,0.0,1.0
COG1767,1.0,0.0,0.0,0.0,1.0,0.0,1.0,0.0,1.0
COG4670,1.0,0.0,0.0,0.0,1.0,1.0,1.0,0.0,1.0
COG0166,1.0,1.0,1.0,1.0,1.0,0.0,1.0,0.0,1.0
COG1087,1.0,1.0,1.0,1.0,1.0,0.0,1.0,0.0,1.0
COG3563,1.0,0.0,0.0,1.0,1.0,0.0,0.0,0.0,0.0
COG0227,1.0,1.0,0.0,0.0,1.0,0.0,1.0,1.0,0.0
COG2805,1.0,1.0,1.0,0.0,1.0,0.0,1.0,1.0,1.0
COG0036,1.0,1.0,1.0,0.0,1.0,0.0,0.0,1.0,1.0
COG0001,1.0,1.0,1.0,0.0,1.0,0.0,0.0,1.0,1.0
28Z8J,0.0,0.0,0.0,0.0,1.0,1.0,1.0,0.0,0.0
2A49S,0.0,0.0,0.0,0.0,1.0,0.0,1.0,0.0,0.0
COG5006,1.0,0.0,1.0,1.0,1.0,0.0,1.0,1.0,1.0
COG3101,1.0,0.0,1.0,1.0,1.0,1.0,1.0,1.0,0.0
COG0622,0.0,0.0,1.0,1.0,1.0,1.0,1.0,1.0,0.0
COG0234,0.0,1.0,1.0,1.0,1.0,0.0,1.0,1.0,1.0
COG4828,0.0,1.0,1.0,1.0,1.0,1.0,1.0,0.0,1.0
COG4642,0.0,1.0,1.0,1.0,1.0,1.0,0.0,0.0,0.0
2DBI0,0.0,0.0,0.0,0.0,1.0,0.0,0.0,1.0,1.0
COG1002,0.0,0.0,1.0,0.0,1.0,0.0,0.0,0.0,0.0
COG1201,0.0,0.0,1.0,0.0,1.0,0.0,0.0,0.0,1.0
COG2761,1.0,0.0,0.0,1.0,1.0,0.0,1.0,1.0,0.0
2BIR9,1.0,0.0,0.0,1.0,1.0,0.0,1.0,0.0,0.0
COG3152,1.0,0.0,1.0,1.0,1.0,0.0,1.0,1.0,0.0
COG0591,1.0,0.0,0.0,1.0,1.0,1.0,0.0,1.0,1.0
COG0114,1.0,1.0,1.0,1.0,1.0,0.0,0.0,1.0,1.0
2BJ77,1.0,1.0,0.0,1.0,1.0,0.0,1.0,1.0,1.0
COG0176,1.0,0.0,1.0,1.0,1.0,1.0,1.0,1.0,0.0
COG1977,1.0,1.0,1.0,1.0,1.0,0.0,0.0,1.0,1.0
COG0314,1.0,1.0,1.0,1.0,1.0,0.0,0.0,1.0,1.0
COG0239,1.0,1.0,1.0,1.0,1.0,1.0,0.0,0.0,0.0
2CFUA,1.0,1.0,1.0,1.0,1.0,0.0,1.0,0.0,1.0
COG1660,1.0,1.0,0.0,1.0,1.0,0.0,0.0,1.0,1.0
COG1330,1.0,1.0,1.0,1.0,1.0,0.0,0.0,1.0,1.0
COG0419,1.0,0.0,1.0,1.0,1.0,1.0,0.0,1.0,1.0
COG3170,0.0,1.0,1.0,0.0,1.0,1.0,0.0,0.0,1.0
COG1714,1.0,0.0,1.0,1.0,1.0,1.0,0.0,1.0,1.0
COG3963,1.0,0.0,0.0,1.0,1.0,0.0,1.0,0.0,1.0
COG0078,1.0,1.0,0.0,1.0,1.0,0.0,1.0,1.0,0.0
29GZI,0.0,1.0,0.0,1.0,1.0,0.0,0.0,1.0,1.0
COG0566,1.0,1.0,0.0,1.0,1.0,0.0,1.0,1.0,1.0
COG0560,1.0,0.0,0.0,1.0,1.0,0.0,0.0,0.0,0.0
COG2996,1.0,0.0,1.0,1.0,1.0,1.0,0.0,1.0,1.0
COG0542,1.0,1.0,1.0,1.0,1.0,0.0,0.0,1.0,1.0
COG4097,0.0,0.0,1.0,1.0,1.0,0.0,0.0,0.0,1.0
COG2834,1.0,0.0,0.0,1.0,1.0,0.0,1.0,1.0,1.0
COG2256,1.0,0.0,0.0,1.0,1.0,0.0,1.0,1.0,1.0
COG2259,1.0,0.0,0.0,1.0,1.0,1.0,0.0,1.0,0.0
COG1238,1.0,0.0,0.0,1.0,1.0,1.0,0.0,0.0,1.0
COG1432,1.0,0.0,0.0,0.0,1.0,1.0,0.0,0.0,0.0
COG0552,1.0,1.0,0.0,1.0,1.0,1.0,0.0,1.0,1.0
COG0213,1.0,0.0,0.0,0.0,1.0,1.0,1.0,0.0,0.0
COG1381,1.0,0.0,1.0,1.0,1.0,1.0,0.0,1.0,1.0
COG0164,1.0,0.0,1.0,1.0,1.0,1.0,0.0,1.0,1.0
COG0763,1.0,0.0,1.0,1.0,1.0,1.0,0.0,1.0,1.0
2A4SY,1.0,0.0,1.0,0.0,1.0,0.0,0.0,0.0,1.0
2E4I3,1.0,0.0,1.0,1.0,1.0,1.0,1.0,0.0,1.0
COG0014,1.0,1.0,0.0,1.0,1.0,1.0,0.0,1.0,1.0
COG0278,1.0,1.0,0.0,1.0,1.0,1.0,0.0,1.0,1.0
COG0035,1.0,1.0,0.0,1.0,1.0,1.0,0.0,1.0,1.0
COG2258,1.0,0.0,1.0,1.0,1.0,1.0,1.0,1.0,0.0
COG0222,1.0,1.0,1.0,0.0,1.0,1.0,1.0,1.0,0.0
COG0085,1.0,1.0,1.0,1.0,1.0,1.0,0.0,1.0,0.0
2BZXI,1.0,0.0,1.0,1.0,1.0,1.0,1.0,0.0,0.0
COG0211,0.0,0.0,1.0,1.0,1.0,0.0,0.0,1.0,1.0
COG0536,0.0,0.0,1.0,1.0,1.0,1.0,0.0,1.0,1.0
COG3410,0.0,0.0,0.0,1.0,1.0,0.0,1.0,1.0,0.0
COG3863,1.0,1.0,0.0,1.0,0.0,0.0,1.0,0.0,1.0
28H5S,0.0,1.0,0.0,1.0,0.0,0.0,0.0,0.0,1.0
COG0592,1.0,1.0,1.0,1.0,0.0,0.0,0.0,1.0,0.0
COG0221,0.0,1.0,1.0,1.0,0.0,1.0,1.0,1.0,0.0
COG0081,1.0,1.0,0.0,1.0,0.0,1.0,1.0,1.0,1.0
COG0781,1.0,1.0,1.0,1.0,0.0,0.0,1.0,1.0,1.0
COG0605,1.0,1.0,1.0,1.0,0.0,0.0,1.0,1.0,1.0
COG3161,0.0,1.0,0.0,1.0,0.0,0.0,0.0,1.0,1.0
COG2267,1.0,1.0,1.0,1.0,0.0,1.0,0.0,1.0,1.0
2DQBB,0.0,1.0,0.0,0.0,0.0,0.0,0.0,1.0,1.0
COG4638,0.0,1.0,0.0,1.0,0.0,0.0,0.0,1.0,1.0
COG5517,0.0,1.0,0.0,1.0,0.0,0.0,0.0,1.0,1.0
COG1522,0.0,1.0,0.0,1.0,0.0,0.0,0.0,0.0,1.0
COG3844,0.0,1.0,0.0,0.0,0.0,0.0,0.0,0.0,1.0
COG0173,0.0,1.0,1.0,1.0,0.0,1.0,1.0,1.0,1.0
COG1951,0.0,1.0,0.0,0.0,0.0,0.0,0.0,0.0,1.0
COG1838,0.0,1.0,0.0,0.0,0.0,0.0,0.0,0.0,1.0
COG1593,1.0,1.0,0.0,1.0,0.0,1.0,1.0,1.0,1.0
COG4166,0.0,1.0,1.0,1.0,0.0,0.0,0.0,1.0,1.0
2E92A,0.0,1.0,1.0,0.0,0.0,0.0,0.0,0.0,0.0
COG0030,1.0,1.0,1.0,1.0,0.0,0.0,1.0,1.0,1.0
COG3609,0.0,1.0,0.0,1.0,0.0,0.0,0.0,0.0,0.0
COG2368,0.0,1.0,0.0,1.0,0.0,0.0,0.0,0.0,1.0
COG2207,1.0,1.0,1.0,1.0,0.0,0.0,0.0,0.0,1.0
COG0183,0.0,1.0,0.0,1.0,0.0,0.0,0.0,0.0,1.0
COG4268,1.0,1.0,0.0,0.0,0.0,0.0,0.0,0.0,0.0
COG0440,0.0,1.0,0.0,1.0,0.0,0.0,1.0,1.0,1.0
COG0059,0.0,1.0,0.0,1.0,0.0,1.0,0.0,1.0,1.0
COG3200,0.0,1.0,0.0,1.0,0.0,1.0,0.0,1.0,1.0
COG4566,1.0,1.0,0.0,1.0,0.0,0.0,0.0,1.0,1.0
COG1970,0.0,1.0,1.0,1.0,0.0,0.0,0.0,1.0,1.0
COG0805,0.0,1.0,0.0,1.0,0.0,0.0,0.0,1.0,1.0
COG4137,0.0,1.0,0.0,1.0,0.0,0.0,0.0,1.0,1.0
COG0541,0.0,1.0,1.0,1.0,0.0,0.0,0.0,1.0,1.0
COG1803,0.0,1.0,1.0,1.0,0.0,0.0,0.0,1.0,1.0
COG0799,1.0,1.0,1.0,1.0,0.0,0.0,1.0,1.0,1.0
COG1576,1.0,1.0,1.0,1.0,0.0,0.0,1.0,1.0,1.0
COG2857,1.0,1.0,1.0,1.0,0.0,0.0,1.0,1.0,0.0
COG1290,1.0,1.0,1.0,1.0,0.0,1.0,1.0,1.0,0.0
COG4665,1.0,1.0,1.0,1.0,0.0,0.0,1.0,1.0,1.0
COG0158,1.0,1.0,1.0,1.0,0.0,0.0,1.0,1.0,1.0
COG0735,1.0,1.0,1.0,1.0,0.0,0.0,1.0,1.0,1.0
COG0657,0.0,1.0,1.0,0.0,0.0,0.0,0.0,1.0,1.0
COG0525,0.0,1.0,1.0,1.0,0.0,0.0,0.0,1.0,1.0
COG0267,0.0,1.0,0.0,0.0,0.0,0.0,0.0,1.0,0.0
COG0759,1.0,1.0,1.0,1.0,0.0,0.0,1.0,0.0,1.0
COG0706,1.0,1.0,1.0,1.0,0.0,0.0,1.0,1.0,1.0
COG0034,1.0,1.0,1.0,1.0,0.0,1.0,0.0,1.0,0.0
COG0150,1.0,1.0,0.0,1.0,0.0,1.0,0.0,1.0,0.0
COG0299,0.0,1.0,0.0,1.0,0.0,0.0,0.0,0.0,0.0
COG0138,1.0,1.0,0.0,1.0,0.0,1.0,0.0,0.0,1.0
COG1878,0.0,1.0,0.0,1.0,0.0,0.0,0.0,0.0,0.0
COG1396,1.0,1.0,1.0,1.0,0.0,0.0,1.0,0.0,1.0
COG0156,1.0,1.0,1.0,1.0,0.0,1.0,0.0,1.0,1.0
COG0161,1.0,1.0,1.0,1.0,0.0,1.0,0.0,1.0,1.0
COG0596,1.0,1.0,0.0,1.0,0.0,0.0,0.0,1.0,1.0
COG2908,1.0,1.0,0.0,1.0,0.0,0.0,1.0,1.0,1.0
COG1952,0.0,1.0,1.0,1.0,0.0,1.0,1.0,1.0,1.0
COG1178,1.0,1.0,1.0,0.0,0.0,0.0,0.0,0.0,1.0
COG1840,1.0,1.0,1.0,0.0,0.0,0.0,1.0,0.0,1.0
COG0055,0.0,1.0,1.0,1.0,0.0,1.0,0.0,1.0,1.0
COG0224,0.0,1.0,0.0,0.0,0.0,0.0,0.0,1.0,0.0
COG0056,0.0,1.0,0.0,0.0,0.0,0.0,0.0,1.0,0.0
COG0712,0.0,1.0,0.0,0.0,0.0,0.0,0.0,1.0,0.0
COG0711,0.0,1.0,0.0,0.0,0.0,0.0,0.0,1.0,0.0
COG0636,0.0,1.0,0.0,1.0,0.0,0.0,1.0,1.0,0.0
COG0356,0.0,1.0,0.0,1.0,0.0,0.0,1.0,1.0,0.0
COG1074,1.0,1.0,1.0,1.0,0.0,1.0,0.0,1.0,1.0
COG0507,1.0,1.0,1.0,1.0,0.0,0.0,0.0,1.0,1.0
COG0415,1.0,1.0,0.0,0.0,0.0,0.0,0.0,0.0,0.0
COG0395,1.0,1.0,1.0,1.0,0.0,0.0,0.0,1.0,1.0
COG1175,0.0,1.0,1.0,1.0,0.0,0.0,0.0,1.0,1.0
COG1653,1.0,1.0,1.0,1.0,0.0,0.0,0.0,1.0,1.0
COG1430,1.0,1.0,1.0,1.0,0.0,0.0,1.0,1.0,0.0
COG0184,1.0,1.0,1.0,1.0,0.0,0.0,1.0,1.0,1.0
COG1185,1.0,1.0,1.0,1.0,0.0,0.0,1.0,1.0,1.0
2BW28,1.0,1.0,0.0,1.0,0.0,0.0,1.0,1.0,1.0
COG0389,1.0,1.0,1.0,1.0,0.0,1.0,0.0,1.0,1.0
COG3553,0.0,1.0,0.0,0.0,0.0,0.0,0.0,0.0,1.0
COG2373,0.0,1.0,1.0,1.0,0.0,1.0,0.0,0.0,1.0
COG2166,0.0,1.0,0.0,0.0,0.0,0.0,0.0,0.0,1.0
2EJ2A,0.0,1.0,0.0,0.0,0.0,0.0,0.0,0.0,1.0
COG3600,0.0,1.0,0.0,0.0,0.0,0.0,0.0,0.0,1.0
COG1739,1.0,1.0,1.0,1.0,0.0,0.0,0.0,1.0,0.0
COG0190,1.0,1.0,1.0,1.0,0.0,0.0,1.0,1.0,0.0
COG2855,0.0,1.0,1.0,1.0,0.0,0.0,0.0,1.0,1.0
COG0466,1.0,1.0,1.0,1.0,0.0,1.0,0.0,1.0,1.0
COG0284,1.0,1.0,1.0,1.0,0.0,1.0,1.0,1.0,0.0
COG0461,0.0,1.0,1.0,1.0,0.0,1.0,1.0,0.0,0.0
COG2079,0.0,1.0,0.0,1.0,0.0,0.0,0.0,0.0,1.0
COG2513,0.0,1.0,0.0,1.0,0.0,0.0,0.0,0.0,1.0
COG0728,1.0,1.0,1.0,1.0,0.0,0.0,0.0,1.0,1.0
COG2358,0.0,1.0,1.0,1.0,0.0,0.0,1.0,1.0,1.0
COG4729,0.0,1.0,1.0,1.0,0.0,0.0,1.0,1.0,1.0
COG1457,0.0,1.0,0.0,1.0,0.0,0.0,1.0,0.0,1.0
2EET7,0.0,1.0,0.0,0.0,0.0,0.0,0.0,0.0,1.0
COG1217,1.0,1.0,1.0,0.0,0.0,1.0,0.0,1.0,1.0
COG0436,1.0,1.0,1.0,0.0,0.0,0.0,0.0,1.0,1.0
COG0450,1.0,1.0,1.0,1.0,0.0,0.0,1.0,1.0,1.0
COG0090,0.0,1.0,0.0,0.0,0.0,0.0,0.0,1.0,0.0
COG0089,0.0,1.0,0.0,0.0,0.0,0.0,0.0,1.0,0.0
COG0088,0.0,1.0,0.0,0.0,0.0,0.0,0.0,1.0,0.0
COG0087,0.0,1.0,0.0,0.0,0.0,0.0,0.0,1.0,0.0
COG0051,0.0,1.0,0.0,0.0,0.0,0.0,0.0,1.0,0.0
COG0480,0.0,1.0,0.0,0.0,0.0,1.0,1.0,1.0,0.0
COG0133,0.0,1.0,1.0,1.0,0.0,0.0,0.0,1.0,1.0
COG0159,0.0,1.0,1.0,1.0,0.0,0.0,0.0,1.0,1.0
COG3938,0.0,1.0,0.0,1.0,0.0,0.0,0.0,0.0,1.0
COG2321,1.0,1.0,0.0,1.0,0.0,0.0,0.0,1.0,1.0
COG2186,0.0,1.0,0.0,1.0,0.0,0.0,1.0,1.0,1.0
COG0690,1.0,1.0,0.0,1.0,0.0,0.0,1.0,1.0,1.0
COG0250,1.0,1.0,0.0,1.0,0.0,0.0,1.0,1.0,1.0
COG0080,1.0,1.0,0.0,1.0,0.0,1.0,1.0,1.0,1.0
COG0748,1.0,1.0,0.0,1.0,0.0,0.0,1.0,0.0,1.0
COG0571,1.0,1.0,1.0,1.0,0.0,1.0,0.0,1.0,1.0
COG0681,1.0,1.0,1.0,1.0,0.0,1.0,0.0,1.0,1.0
COG4606,1.0,1.0,1.0,1.0,0.0,1.0,1.0,0.0,1.0
COG1038,0.0,1.0,1.0,1.0,0.0,0.0,0.0,1.0,1.0
COG0079,0.0,1.0,1.0,1.0,0.0,0.0,0.0,1.0,1.0
COG0131,0.0,1.0,1.0,1.0,0.0,0.0,0.0,1.0,1.0
COG0106,0.0,1.0,1.0,1.0,0.0,0.0,0.0,0.0,1.0
COG0107,1.0,1.0,1.0,1.0,0.0,0.0,0.0,1.0,1.0
COG0141,0.0,1.0,0.0,1.0,0.0,1.0,0.0,1.0,1.0
COG3215,1.0,1.0,1.0,1.0,0.0,0.0,1.0,1.0,1.0
COG4111,0.0,1.0,0.0,1.0,0.0,0.0,0.0,1.0,1.0
COG0379,0.0,1.0,0.0,1.0,0.0,0.0,0.0,0.0,1.0
COG0715,1.0,1.0,0.0,1.0,0.0,0.0,1.0,1.0,1.0
COG1116,0.0,1.0,0.0,0.0,0.0,0.0,0.0,0.0,1.0
COG1773,0.0,1.0,0.0,0.0,0.0,0.0,0.0,0.0,1.0
COG2840,0.0,1.0,1.0,1.0,0.0,1.0,0.0,1.0,1.0
COG1279,0.0,1.0,1.0,0.0,0.0,1.0,0.0,0.0,1.0
COG0015,0.0,1.0,1.0,1.0,0.0,1.0,1.0,1.0,1.0
COG2363,0.0,1.0,1.0,1.0,0.0,1.0,1.0,1.0,1.0
COG2423,1.0,1.0,0.0,1.0,0.0,0.0,1.0,0.0,1.0
2CG84,1.0,1.0,1.0,1.0,0.0,0.0,0.0,0.0,1.0
2CKNI,1.0,1.0,1.0,1.0,0.0,0.0,0.0,0.0,1.0
COG4222,0.0,1.0,1.0,1.0,0.0,0.0,0.0,0.0,1.0
COG0063,0.0,1.0,0.0,0.0,0.0,0.0,0.0,0.0,1.0
COG0505,1.0,1.0,0.0,1.0,0.0,0.0,0.0,0.0,1.0
COG0458,1.0,1.0,0.0,1.0,0.0,0.0,0.0,0.0,1.0
COG1101,1.0,1.0,1.0,1.0,0.0,0.0,1.0,1.0,1.0
COG4120,0.0,1.0,1.0,1.0,0.0,0.0,1.0,1.0,1.0
COG2984,1.0,1.0,1.0,1.0,0.0,0.0,1.0,1.0,1.0
COG2084,0.0,1.0,0.0,1.0,0.0,0.0,0.0,0.0,0.0
COG0157,1.0,1.0,1.0,1.0,0.0,0.0,0.0,1.0,1.0
COG3530,1.0,1.0,1.0,1.0,0.0,0.0,0.0,1.0,1.0
COG4948,0.0,1.0,0.0,1.0,0.0,0.0,0.0,0.0,1.0
COG4829,0.0,1.0,0.0,1.0,0.0,0.0,0.0,0.0,1.0
COG3485,0.0,1.0,0.0,1.0,0.0,0.0,0.0,0.0,1.0
COG5557,1.0,1.0,1.0,1.0,0.0,0.0,0.0,1.0,1.0
29K05,1.0,1.0,0.0,1.0,0.0,0.0,1.0,1.0,0.0
COG4598,1.0,1.0,0.0,1.0,0.0,0.0,0.0,1.0,1.0
COG3015,1.0,1.0,1.0,1.0,0.0,0.0,1.0,1.0,1.0
COG4206,0.0,1.0,1.0,1.0,0.0,0.0,0.0,1.0,1.0
COG2129,0.0,1.0,0.0,1.0,0.0,0.0,0.0,0.0,0.0
COG0197,0.0,1.0,0.0,0.0,0.0,1.0,1.0,1.0,0.0
COG0255,0.0,1.0,0.0,0.0,0.0,1.0,1.0,1.0,0.0
COG0186,0.0,1.0,0.0,0.0,0.0,1.0,1.0,1.0,0.0
COG0093,0.0,1.0,0.0,0.0,0.0,1.0,1.0,1.0,0.0
COG0198,0.0,1.0,0.0,0.0,0.0,1.0,1.0,1.0,0.0
COG0094,0.0,1.0,0.0,0.0,0.0,1.0,1.0,1.0,0.0
COG0199,0.0,1.0,0.0,0.0,0.0,1.0,1.0,1.0,0.0
COG0096,0.0,1.0,0.0,0.0,0.0,1.0,1.0,1.0,0.0
COG0097,0.0,1.0,0.0,0.0,0.0,1.0,1.0,1.0,0.0
COG0256,0.0,1.0,0.0,0.0,0.0,1.0,1.0,1.0,0.0
COG0098,0.0,1.0,0.0,0.0,0.0,0.0,0.0,1.0,0.0
COG1841,0.0,1.0,0.0,0.0,0.0,0.0,0.0,1.0,0.0
COG0200,0.0,1.0,0.0,0.0,0.0,0.0,0.0,1.0,0.0
COG0201,0.0,1.0,0.0,0.0,0.0,0.0,0.0,1.0,0.0
COG0257,0.0,1.0,0.0,0.0,0.0,0.0,0.0,1.0,0.0
COG0099,0.0,1.0,0.0,0.0,0.0,0.0,0.0,1.0,0.0
COG0100,0.0,1.0,0.0,0.0,0.0,0.0,0.0,1.0,0.0
COG0522,0.0,1.0,1.0,0.0,0.0,0.0,0.0,1.0,0.0
COG0202,0.0,1.0,1.0,0.0,0.0,0.0,1.0,1.0,0.0
COG4953,0.0,1.0,1.0,1.0,0.0,0.0,0.0,0.0,1.0
COG0809,1.0,1.0,1.0,1.0,0.0,0.0,0.0,1.0,1.0
2BK2T,1.0,1.0,0.0,1.0,0.0,0.0,1.0,0.0,1.0
COG0754,1.0,1.0,0.0,1.0,0.0,0.0,0.0,1.0,1.0
COG3311,0.0,0.0,1.0,0.0,0.0,0.0,1.0,0.0,0.0
COG1343,1.0,0.0,0.0,1.0,0.0,0.0,1.0,0.0,0.0
2E4K4,0.0,0.0,0.0,1.0,0.0,0.0,1.0,0.0,0.0
COG0699,1.0,0.0,1.0,0.0,0.0,0.0,1.0,0.0,0.0
COG1190,1.0,0.0,1.0,1.0,0.0,1.0,1.0,1.0,1.0
COG4735,1.0,0.0,0.0,0.0,0.0,0.0,1.0,0.0,0.0
COG3596,1.0,0.0,0.0,1.0,0.0,0.0,1.0,0.0,0.0
2DI9C,0.0,0.0,0.0,1.0,0.0,0.0,1.0,0.0,0.0
COG3021,1.0,0.0,1.0,1.0,0.0,0.0,1.0,1.0,0.0
COG1479,1.0,0.0,1.0,1.0,0.0,0.0,1.0,0.0,1.0
COG1008,1.0,0.0,1.0,0.0,0.0,0.0,1.0,1.0,0.0
COG4496,1.0,0.0,0.0,1.0,0.0,0.0,1.0,1.0,0.0
COG0289,1.0,0.0,0.0,1.0,0.0,0.0,1.0,1.0,1.0
COG1734,1.0,0.0,0.0,1.0,0.0,0.0,1.0,1.0,1.0
COG4006,1.0,0.0,0.0,1.0,0.0,0.0,1.0,0.0,0.0
28IB0,1.0,0.0,0.0,0.0,0.0,0.0,1.0,0.0,0.0
COG0516,0.0,0.0,1.0,1.0,0.0,0.0,1.0,1.0,1.0
29597,1.0,0.0,0.0,1.0,0.0,0.0,1.0,0.0,1.0
2CDR7,1.0,0.0,0.0,1.0,0.0,0.0,1.0,0.0,0.0
COG1968,1.0,0.0,1.0,0.0,0.0,0.0,1.0,0.0,0.0
COG4723,0.0,0.0,0.0,1.0,0.0,0.0,1.0,1.0,0.0
COG4672,0.0,0.0,0.0,1.0,0.0,0.0,1.0,1.0,0.0
COG4718,0.0,0.0,0.0,1.0,0.0,0.0,1.0,1.0,0.0
2DNA4,0.0,0.0,1.0,1.0,0.0,0.0,1.0,1.0,0.0
COG1288,1.0,0.0,0.0,0.0,0.0,1.0,1.0,0.0,1.0
COG0624,1.0,0.0,1.0,1.0,0.0,1.0,1.0,1.0,1.0
COG1086,0.0,0.0,0.0,0.0,0.0,1.0,1.0,0.0,0.0
COG1637,0.0,0.0,0.0,0.0,0.0,1.0,1.0,0.0,0.0
COG4626,0.0,0.0,1.0,1.0,0.0,0.0,1.0,1.0,0.0
2E1G4,0.0,0.0,0.0,1.0,0.0,0.0,1.0,0.0,0.0
4QDH3,0.0,0.0,1.0,0.0,0.0,0.0,1.0,0.0,0.0
2E3C8,0.0,0.0,1.0,0.0,0.0,0.0,1.0,0.0,0.0
COG3201,1.0,0.0,1.0,1.0,0.0,1.0,1.0,1.0,0.0
2BBWQ,1.0,0.0,0.0,0.0,0.0,0.0,1.0,0.0,0.0
COG1898,0.0,0.0,0.0,1.0,0.0,0.0,1.0,0.0,0.0
COG1647,1.0,0.0,0.0,1.0,0.0,1.0,1.0,1.0,0.0
COG0813,1.0,0.0,0.0,0.0,0.0,1.0,1.0,0.0,0.0
COG3587,0.0,0.0,0.0,0.0,0.0,0.0,1.0,0.0,1.0
COG5551,1.0,0.0,1.0,1.0,0.0,0.0,1.0,0.0,0.0
COG3042,1.0,0.0,0.0,1.0,0.0,0.0,1.0,1.0,0.0
2EDEJ,0.0,0.0,0.0,0.0,0.0,0.0,1.0,0.0,1.0
COG1106,1.0,0.0,0.0,1.0,0.0,0.0,1.0,0.0,0.0
COG4359,1.0,0.0,0.0,0.0,0.0,1.0,1.0,0.0,0.0
COG0261,0.0,0.0,0.0,0.0,0.0,0.0,1.0,1.0,0.0
COG0367,1.0,0.0,1.0,1.0,0.0,0.0,1.0,1.0,1.0
COG3079,1.0,0.0,1.0,1.0,0.0,1.0,1.0,1.0,1.0
COG1262,0.0,0.0,0.0,1.0,0.0,0.0,1.0,0.0,0.0
COG3539,0.0,0.0,0.0,1.0,0.0,1.0,1.0,0.0,1.0
arCOG06916,1.0,0.0,0.0,0.0,0.0,0.0,1.0,1.0,0.0
COG4913,1.0,0.0,0.0,0.0,0.0,0.0,1.0,0.0,0.0
COG3326,1.0,0.0,0.0,0.0,0.0,0.0,1.0,0.0,0.0
COG1785,0.0,0.0,1.0,1.0,0.0,0.0,1.0,0.0,0.0
COG0235,0.0,0.0,0.0,1.0,0.0,0.0,1.0,0.0,0.0
COG3395,0.0,0.0,1.0,1.0,0.0,1.0,1.0,0.0,0.0
COG1757,1.0,0.0,1.0,1.0,0.0,1.0,1.0,0.0,1.0
COG0669,1.0,0.0,1.0,1.0,0.0,0.0,1.0,1.0,0.0
COG4106,1.0,0.0,1.0,0.0,0.0,0.0,1.0,1.0,1.0
COG0092,0.0,0.0,0.0,0.0,0.0,0.0,1.0,1.0,0.0
COG0091,0.0,0.0,0.0,0.0,0.0,0.0,1.0,1.0,0.0
COG0185,0.0,0.0,0.0,0.0,0.0,0.0,1.0,1.0,0.0
COG5005,1.0,0.0,0.0,0.0,0.0,0.0,1.0,1.0,0.0
COG1604,1.0,0.0,1.0,1.0,0.0,0.0,0.0,0.0,0.0
COG3337,1.0,0.0,1.0,1.0,0.0,0.0,0.0,0.0,0.0
COG1336,1.0,0.0,1.0,1.0,0.0,0.0,0.0,0.0,0.0
COG1769,1.0,0.0,1.0,1.0,0.0,0.0,0.0,0.0,0.0
2DPW1,0.0,0.0,1.0,1.0,0.0,0.0,0.0,0.0,0.0
2C948,0.0,0.0,0.0,1.0,0.0,0.0,0.0,1.0,0.0
COG4570,0.0,0.0,0.0,1.0,0.0,0.0,0.0,1.0,0.0
COG0338,0.0,0.0,0.0,1.0,0.0,0.0,0.0,1.0,0.0
COG2314,0.0,0.0,0.0,1.0,0.0,0.0,0.0,1.0,0.0
COG0582,1.0,0.0,1.0,1.0,0.0,0.0,0.0,1.0,0.0
COG1835,0.0,0.0,0.0,1.0,0.0,1.0,0.0,0.0,0.0
COG0438,1.0,0.0,1.0,1.0,0.0,1.0,0.0,1.0,0.0
COG1942,1.0,0.0,0.0,1.0,0.0,0.0,0.0,0.0,0.0
COG3751,1.0,0.0,1.0,1.0,0.0,1.0,0.0,0.0,1.0
COG0677,0.0,0.0,1.0,1.0,0.0,0.0,0.0,0.0,0.0
COG1367,1.0,0.0,0.0,1.0,0.0,0.0,0.0,0.0,0.0
COG1004,1.0,0.0,1.0,1.0,0.0,0.0,0.0,0.0,0.0
COG1216,0.0,0.0,1.0,1.0,0.0,0.0,0.0,0.0,0.0
COG4333,0.0,0.0,0.0,1.0,0.0,0.0,0.0,1.0,0.0
COG3307,1.0,0.0,1.0,1.0,0.0,0.0,0.0,1.0,0.0
COG3306,0.0,0.0,1.0,1.0,0.0,0.0,0.0,0.0,0.0
COG0489,1.0,0.0,1.0,1.0,0.0,1.0,0.0,1.0,1.0
COG0802,1.0,0.0,1.0,1.0,0.0,0.0,0.0,1.0,1.0
COG5505,0.0,0.0,0.0,1.0,0.0,0.0,0.0,1.0,1.0
COG2173,0.0,0.0,0.0,1.0,0.0,0.0,0.0,0.0,1.0
COG3897,0.0,0.0,0.0,1.0,0.0,0.0,0.0,0.0,1.0
28NYX,0.0,0.0,0.0,1.0,0.0,1.0,0.0,0.0,0.0
2DBAX,0.0,0.0,1.0,1.0,0.0,0.0,0.0,0.0,0.0
COG3209,0.0,0.0,1.0,1.0,0.0,0.0,0.0,0.0,0.0
COG3516,0.0,0.0,1.0,1.0,0.0,0.0,0.0,0.0,0.0
COG3517,0.0,0.0,1.0,1.0,0.0,0.0,0.0,0.0,0.0
COG3518,0.0,0.0,1.0,1.0,0.0,0.0,0.0,0.0,0.0
COG3519,0.0,0.0,1.0,1.0,0.0,0.0,0.0,0.0,0.0
COG3520,0.0,0.0,1.0,1.0,0.0,0.0,0.0,0.0,0.0
COG1716,0.0,0.0,1.0,1.0,0.0,0.0,0.0,0.0,0.0
COG3521,0.0,0.0,1.0,1.0,0.0,0.0,0.0,0.0,0.0
COG3522,0.0,0.0,1.0,1.0,0.0,0.0,0.0,0.0,0.0
COG3455,0.0,0.0,1.0,1.0,0.0,0.0,0.0,0.0,0.0
2C9Y5,0.0,0.0,1.0,1.0,0.0,0.0,0.0,0.0,0.0
COG3515,0.0,0.0,1.0,1.0,0.0,0.0,0.0,0.0,0.0
COG3523,0.0,0.0,1.0,1.0,0.0,0.0,0.0,0.0,0.0
COG4695,1.0,0.0,1.0,1.0,0.0,0.0,0.0,1.0,1.0
COG1484,0.0,0.0,0.0,1.0,0.0,0.0,0.0,1.0,0.0
COG4197,0.0,0.0,0.0,1.0,0.0,0.0,0.0,1.0,0.0
COG3081,0.0,0.0,0.0,1.0,0.0,0.0,0.0,1.0,0.0
2E3ZD,0.0,0.0,0.0,1.0,0.0,0.0,0.0,1.0,0.0
COG3491,0.0,0.0,1.0,1.0,0.0,1.0,0.0,0.0,1.0
COG1272,0.0,0.0,1.0,1.0,0.0,0.0,0.0,0.0,1.0
COG2508,0.0,0.0,1.0,1.0,0.0,0.0,0.0,0.0,0.0
COG3450,0.0,0.0,1.0,1.0,0.0,0.0,0.0,0.0,0.0
COG3562,1.0,0.0,0.0,1.0,0.0,1.0,0.0,0.0,1.0
COG3378,0.0,0.0,1.0,1.0,0.0,0.0,0.0,1.0,0.0
COG4928,0.0,0.0,0.0,1.0,0.0,0.0,0.0,1.0,0.0
2DSB0,0.0,0.0,0.0,1.0,0.0,0.0,0.0,1.0,0.0
COG2897,1.0,0.0,0.0,1.0,0.0,0.0,0.0,0.0,0.0
COG0431,0.0,0.0,1.0,1.0,0.0,0.0,0.0,0.0,0.0
COG3735,0.0,0.0,0.0,1.0,0.0,0.0,0.0,1.0,0.0
COG1062,0.0,0.0,1.0,1.0,0.0,0.0,0.0,0.0,0.0
2C8AW,1.0,0.0,0.0,1.0,0.0,0.0,0.0,1.0,1.0
COG3038,0.0,0.0,0.0,1.0,0.0,0.0,0.0,1.0,0.0
COG2982,0.0,0.0,1.0,1.0,0.0,0.0,0.0,0.0,0.0
COG0270,1.0,0.0,1.0,1.0,0.0,0.0,0.0,0.0,0.0
2BGYI,0.0,0.0,1.0,1.0,0.0,0.0,0.0,0.0,0.0
2AQWX,0.0,0.0,1.0,1.0,0.0,0.0,0.0,0.0,0.0
2C17R,0.0,0.0,1.0,1.0,0.0,0.0,0.0,0.0,0.0
COG1215,0.0,0.0,0.0,1.0,0.0,1.0,0.0,0.0,0.0
COG0833,1.0,0.0,0.0,1.0,0.0,0.0,0.0,0.0,0.0
COG1524,1.0,0.0,1.0,1.0,0.0,0.0,0.0,0.0,0.0
COG3949,0.0,0.0,1.0,1.0,0.0,0.0,0.0,1.0,1.0
COG2067,0.0,0.0,0.0,1.0,0.0,1.0,0.0,0.0,0.0
COG2378,1.0,0.0,0.0,1.0,0.0,0.0,0.0,0.0,1.0
28KUB,0.0,0.0,0.0,1.0,0.0,0.0,0.0,0.0,1.0
2A8TR,0.0,0.0,0.0,1.0,0.0,0.0,0.0,1.0,0.0
2ETV8,1.0,0.0,0.0,1.0,0.0,0.0,0.0,0.0,0.0
COG3531,0.0,0.0,0.0,1.0,0.0,0.0,0.0,0.0,1.0
COG2274,0.0,0.0,0.0,1.0,0.0,0.0,0.0,0.0,1.0
2CJUF,0.0,0.0,0.0,1.0,0.0,0.0,0.0,1.0,0.0
2C5IZ,0.0,0.0,0.0,1.0,0.0,0.0,0.0,1.0,0.0
2DR70,1.0,0.0,1.0,1.0,0.0,0.0,0.0,0.0,0.0
COG1733,0.0,0.0,1.0,1.0,0.0,0.0,0.0,0.0,0.0
COG1690,0.0,0.0,0.0,1.0,0.0,0.0,0.0,1.0,1.0
COG3153,0.0,0.0,1.0,1.0,0.0,0.0,0.0,0.0,0.0
COG0846,0.0,0.0,0.0,1.0,0.0,0.0,0.0,1.0,1.0
COG3501,0.0,0.0,1.0,1.0,0.0,0.0,0.0,0.0,0.0
COG3157,0.0,0.0,1.0,1.0,0.0,0.0,0.0,0.0,0.0
COG5283,0.0,0.0,0.0,1.0,0.0,0.0,0.0,1.0,0.0
COG3499,0.0,0.0,0.0,1.0,0.0,0.0,0.0,1.0,0.0
COG3500,0.0,0.0,0.0,1.0,0.0,0.0,0.0,1.0,0.0
2CHRA,0.0,0.0,0.0,1.0,0.0,0.0,0.0,1.0,0.0
299N2,0.0,0.0,1.0,1.0,0.0,0.0,0.0,0.0,0.0
COG4459,1.0,0.0,0.0,1.0,0.0,1.0,0.0,1.0,1.0
COG1210,1.0,0.0,0.0,1.0,0.0,0.0,0.0,0.0,1.0
COG1564,0.0,0.0,1.0,1.0,0.0,0.0,0.0,1.0,1.0
2DBRB,0.0,0.0,0.0,1.0,0.0,0.0,0.0,0.0,1.0
COG0742,1.0,0.0,0.0,1.0,0.0,1.0,0.0,1.0,1.0
COG0241,1.0,0.0,0.0,1.0,0.0,1.0,0.0,1.0,1.0
COG0751,1.0,0.0,0.0,1.0,0.0,1.0,0.0,1.0,1.0
COG0385,0.0,0.0,0.0,1.0,0.0,0.0,0.0,1.0,1.0
COG1416,0.0,0.0,0.0,1.0,0.0,0.0,0.0,1.0,1.0
COG2240,0.0,0.0,0.0,1.0,0.0,0.0,0.0,1.0,1.0
COG5523,0.0,0.0,1.0,1.0,0.0,0.0,0.0,0.0,0.0
COG5463,0.0,0.0,0.0,1.0,0.0,0.0,0.0,1.0,1.0
COG3740,0.0,0.0,1.0,1.0,0.0,0.0,0.0,0.0,0.0
COG3023,0.0,0.0,1.0,1.0,0.0,0.0,0.0,0.0,0.0
COG1788,0.0,0.0,0.0,1.0,0.0,0.0,0.0,0.0,1.0
COG2057,0.0,0.0,0.0,1.0,0.0,0.0,0.0,0.0,1.0
COG0662,0.0,0.0,0.0,1.0,0.0,0.0,0.0,0.0,1.0
COG4748,0.0,0.0,1.0,1.0,0.0,0.0,0.0,0.0,0.0
COG0627,0.0,0.0,1.0,1.0,0.0,0.0,0.0,0.0,1.0
28KMG,0.0,0.0,0.0,1.0,0.0,0.0,0.0,1.0,0.0
COG1353,1.0,0.0,1.0,1.0,0.0,0.0,0.0,0.0,0.0
COG0704,1.0,0.0,1.0,1.0,0.0,0.0,0.0,0.0,1.0
COG1117,1.0,0.0,1.0,1.0,0.0,0.0,0.0,0.0,1.0
COG2353,0.0,0.0,0.0,1.0,0.0,0.0,0.0,1.0,0.0
COG0123,0.0,0.0,1.0,1.0,0.0,0.0,0.0,0.0,0.0
29XM3,0.0,0.0,1.0,0.0,0.0,1.0,0.0,0.0,0.0
COG2421,0.0,0.0,0.0,0.0,0.0,1.0,0.0,1.0,1.0
COG3524,1.0,0.0,0.0,0.0,0.0,1.0,0.0,0.0,1.0
COG1596,1.0,0.0,0.0,0.0,0.0,1.0,0.0,0.0,0.0
COG1682,1.0,0.0,0.0,0.0,0.0,1.0,0.0,0.0,0.0
COG2116,1.0,0.0,0.0,0.0,0.0,1.0,0.0,0.0,0.0
2DIHQ,0.0,0.0,1.0,0.0,0.0,1.0,0.0,0.0,0.0
COG1172,1.0,0.0,1.0,0.0,0.0,1.0,0.0,0.0,0.0
COG2354,1.0,0.0,1.0,0.0,0.0,1.0,0.0,0.0,0.0
COG0152,1.0,0.0,1.0,0.0,0.0,1.0,0.0,1.0,1.0
2EF8U,0.0,0.0,1.0,0.0,0.0,0.0,0.0,1.0,0.0
COG3069,1.0,0.0,1.0,0.0,0.0,0.0,0.0,0.0,1.0
COG4373,0.0,0.0,1.0,0.0,0.0,0.0,0.0,1.0,1.0
2CAV1,0.0,0.0,1.0,0.0,0.0,0.0,0.0,1.0,0.0
2CCQ9,0.0,0.0,1.0,0.0,0.0,0.0,0.0,1.0,0.0
2DKUP,0.0,0.0,1.0,0.0,0.0,0.0,0.0,1.0,0.0
COG3926,0.0,0.0,1.0,0.0,0.0,0.0,0.0,1.0,0.0
COG5652,1.0,0.0,1.0,0.0,0.0,0.0,0.0,1.0,0.0
28IPT,0.0,0.0,1.0,0.0,0.0,0.0,0.0,0.0,1.0
COG3728,0.0,0.0,1.0,0.0,0.0,0.0,0.0,1.0,0.0
COG2104,0.0,0.0,1.0,0.0,0.0,0.0,0.0,0.0,1.0
COG0384,1.0,0.0,1.0,0.0,0.0,0.0,0.0,0.0,0.0
COG4653,0.0,0.0,1.0,0.0,0.0,0.0,0.0,1.0,0.0
COG3535,0.0,0.0,1.0,0.0,0.0,0.0,0.0,0.0,1.0
COG4132,1.0,0.0,1.0,0.0,0.0,0.0,0.0,0.0,0.0
COG4733,0.0,0.0,1.0,0.0,0.0,0.0,0.0,1.0,0.0
28NQ0,0.0,0.0,1.0,0.0,0.0,0.0,0.0,0.0,1.0
4QB1F,0.0,0.0,1.0,0.0,0.0,0.0,0.0,1.0,0.0
COG1061,0.0,0.0,0.0,0.0,0.0,0.0,0.0,1.0,1.0
COG0274,1.0,0.0,0.0,0.0,0.0,0.0,0.0,1.0,0.0
COG3971,0.0,0.0,0.0,0.0,0.0,0.0,0.0,1.0,1.0
COG0318,0.0,0.0,0.0,0.0,0.0,0.0,0.0,1.0,1.0
COG4569,0.0,0.0,0.0,0.0,0.0,0.0,0.0,1.0,1.0
COG1712,0.0,0.0,0.0,0.0,0.0,0.0,0.0,1.0,1.0
COG2865,1.0,0.0,0.0,0.0,0.0,0.0,0.0,0.0,1.0
COG3765,1.0,0.0,0.0,0.0,0.0,0.0,0.0,0.0,1.0
COG4115,1.0,0.0,0.0,0.0,0.0,0.0,0.0,0.0,1.0
2DMHQ,0.0,0.0,0.0,0.0,1.0,0.0,0.0,0.0,0.0
COG0003,0.0,0.0,0.0,0.0,1.0,0.0,0.0,0.0,0.0
COG2860,0.0,0.0,0.0,0.0,1.0,0.0,0.0,0.0,0.0
28K06,0.0,0.0,0.0,0.0,1.0,0.0,0.0,0.0,0.0
COG0399,0.0,0.0,0.0,0.0,1.0,0.0,0.0,0.0,0.0
2DMJC,0.0,0.0,0.0,0.0,1.0,0.0,0.0,0.0,0.0
2EIV9,0.0,0.0,0.0,0.0,1.0,0.0,0.0,0.0,0.0
2C5DM,0.0,0.0,0.0,0.0,1.0,0.0,0.0,0.0,0.0
28ZYZ,0.0,0.0,0.0,0.0,1.0,0.0,0.0,0.0,0.0
COG3436,0.0,0.0,0.0,0.0,1.0,0.0,0.0,0.0,0.0
COG3321,0.0,0.0,0.0,0.0,1.0,0.0,0.0,0.0,0.0
COG4823,0.0,0.0,0.0,0.0,1.0,0.0,0.0,0.0,0.0
COG1724,0.0,0.0,0.0,0.0,1.0,0.0,0.0,0.0,0.0
COG1598,0.0,0.0,0.0,0.0,1.0,0.0,0.0,0.0,0.0
COG2236,0.0,0.0,0.0,0.0,1.0,0.0,0.0,0.0,0.0
COG1487,0.0,0.0,0.0,0.0,1.0,0.0,0.0,0.0,0.0
COG0613,0.0,0.0,0.0,0.0,1.0,0.0,0.0,0.0,0.0
2CETA,0.0,0.0,0.0,0.0,1.0,0.0,0.0,0.0,0.0
COG4461,0.0,0.0,0.0,0.0,1.0,0.0,0.0,0.0,0.0
2D64X,0.0,0.0,0.0,0.0,1.0,0.0,0.0,0.0,0.0
2EJDT,0.0,0.0,0.0,0.0,1.0,0.0,0.0,0.0,0.0
COG1672,0.0,0.0,0.0,0.0,1.0,0.0,0.0,0.0,0.0
COG1708,0.0,0.0,0.0,0.0,1.0,0.0,0.0,0.0,0.0
COG0555,0.0,1.0,0.0,0.0,0.0,0.0,0.0,0.0,0.0
2DBHY,0.0,1.0,0.0,0.0,0.0,0.0,0.0,0.0,0.0
2AMVR,0.0,1.0,0.0,0.0,0.0,0.0,0.0,0.0,0.0
2F67R,0.0,1.0,0.0,0.0,0.0,0.0,0.0,0.0,0.0
COG3344,0.0,1.0,0.0,0.0,0.0,0.0,0.0,0.0,0.0
COG3598,0.0,0.0,0.0,0.0,0.0,0.0,1.0,0.0,0.0
29S66,0.0,0.0,0.0,0.0,0.0,0.0,1.0,0.0,0.0
COG0175,0.0,0.0,0.0,0.0,0.0,0.0,1.0,0.0,0.0
2B0IH,0.0,0.0,0.0,0.0,0.0,0.0,1.0,0.0,0.0
COG5281,0.0,0.0,0.0,0.0,0.0,0.0,1.0,0.0,0.0
2AZTF,0.0,0.0,0.0,0.0,0.0,0.0,1.0,0.0,0.0
COG1804,0.0,0.0,0.0,0.0,0.0,0.0,1.0,0.0,0.0
COG2086,0.0,0.0,0.0,0.0,0.0,0.0,1.0,0.0,0.0
COG2025,0.0,0.0,0.0,0.0,0.0,0.0,1.0,0.0,0.0
COG0644,0.0,0.0,0.0,0.0,0.0,0.0,1.0,0.0,0.0
COG1715,0.0,0.0,0.0,0.0,0.0,0.0,1.0,0.0,0.0
4QB6G,0.0,0.0,0.0,0.0,0.0,0.0,1.0,0.0,0.0
2E0CB,0.0,0.0,0.0,0.0,0.0,0.0,1.0,0.0,0.0
2BU3S,0.0,0.0,0.0,0.0,0.0,0.0,1.0,0.0,0.0
COG0800,0.0,0.0,0.0,0.0,0.0,0.0,1.0,0.0,0.0
COG1312,0.0,0.0,0.0,0.0,0.0,0.0,1.0,0.0,0.0
COG1501,0.0,0.0,0.0,0.0,0.0,0.0,1.0,0.0,0.0
COG0246,0.0,0.0,0.0,0.0,0.0,0.0,1.0,0.0,0.0
COG1904,0.0,0.0,0.0,0.0,0.0,0.0,1.0,0.0,0.0
29GKX,0.0,0.0,0.0,0.0,0.0,0.0,1.0,0.0,0.0
2BW5S,0.0,0.0,0.0,0.0,0.0,0.0,1.0,0.0,0.0
COG0675,0.0,0.0,0.0,0.0,0.0,0.0,1.0,0.0,0.0
COG4096,0.0,0.0,0.0,0.0,0.0,0.0,1.0,0.0,0.0
COG0463,0.0,0.0,0.0,1.0,0.0,0.0,0.0,0.0,0.0
2DU37,0.0,0.0,0.0,1.0,0.0,0.0,0.0,0.0,0.0
COG0429,0.0,0.0,0.0,1.0,0.0,0.0,0.0,0.0,0.0
2CAM1,0.0,0.0,0.0,1.0,0.0,0.0,0.0,0.0,0.0
COG2931,0.0,0.0,0.0,1.0,0.0,0.0,0.0,0.0,0.0
COG2425,0.0,0.0,0.0,1.0,0.0,0.0,0.0,0.0,0.0
2DQ30,0.0,0.0,0.0,1.0,0.0,0.0,0.0,0.0,0.0
COG0515,0.0,0.0,0.0,1.0,0.0,0.0,0.0,0.0,0.0
2DICJ,0.0,0.0,0.0,1.0,0.0,0.0,0.0,0.0,0.0
COG1091,0.0,0.0,0.0,1.0,0.0,0.0,0.0,0.0,0.0
COG3774,0.0,0.0,0.0,1.0,0.0,0.0,0.0,0.0,0.0
COG1442,0.0,0.0,0.0,1.0,0.0,0.0,0.0,0.0,0.0
28MFQ,0.0,0.0,0.0,1.0,0.0,0.0,0.0,0.0,0.0
2CH35,0.0,0.0,0.0,1.0,0.0,0.0,0.0,0.0,0.0
COG1018,0.0,0.0,0.0,1.0,0.0,0.0,0.0,0.0,0.0
COG3396,0.0,0.0,0.0,1.0,0.0,0.0,0.0,0.0,0.0
COG3460,0.0,0.0,0.0,1.0,0.0,0.0,0.0,0.0,0.0
COG1024,0.0,0.0,0.0,1.0,0.0,0.0,0.0,0.0,0.0
COG1541,0.0,0.0,0.0,1.0,0.0,0.0,0.0,0.0,0.0
COG1250,0.0,0.0,0.0,1.0,0.0,0.0,0.0,0.0,0.0
COG4727,0.0,0.0,0.0,1.0,0.0,0.0,0.0,0.0,0.0
COG3154,0.0,0.0,0.0,1.0,0.0,0.0,0.0,0.0,0.0
2DB92,0.0,0.0,0.0,1.0,0.0,0.0,0.0,0.0,0.0
28MN3,0.0,0.0,0.0,1.0,0.0,0.0,0.0,0.0,0.0
4QCRY,0.0,0.0,0.0,1.0,0.0,0.0,0.0,0.0,0.0
2C0IN,0.0,0.0,0.0,1.0,0.0,0.0,0.0,0.0,0.0
COG3829,0.0,0.0,0.0,1.0,0.0,0.0,0.0,0.0,0.0
2CJBF,0.0,0.0,0.0,1.0,0.0,0.0,0.0,0.0,0.0
4QAX8,0.0,0.0,0.0,1.0,0.0,0.0,0.0,0.0,0.0
28NJ6,0.0,0.0,0.0,1.0,0.0,0.0,0.0,0.0,0.0
28M7B,0.0,0.0,0.0,1.0,0.0,0.0,0.0,0.0,0.0
2DQVG,0.0,0.0,0.0,1.0,0.0,0.0,0.0,0.0,0.0
COG0435,0.0,0.0,0.0,1.0,0.0,0.0,0.0,0.0,0.0
COG5472,0.0,0.0,0.0,1.0,0.0,0.0,0.0,0.0,0.0
2DBJ7,0.0,0.0,0.0,1.0,0.0,0.0,0.0,0.0,0.0
COG5527,0.0,0.0,0.0,1.0,0.0,0.0,0.0,0.0,0.0
COG4452,0.0,0.0,0.0,1.0,0.0,0.0,0.0,0.0,0.0
29HJ3,0.0,0.0,0.0,1.0,0.0,0.0,0.0,0.0,0.0
COG1748,0.0,0.0,0.0,1.0,0.0,0.0,0.0,0.0,0.0
COG1783,0.0,0.0,0.0,1.0,0.0,0.0,0.0,0.0,0.0
28IAN,0.0,0.0,0.0,1.0,0.0,0.0,0.0,0.0,0.0
2DPRS,0.0,0.0,0.0,1.0,0.0,0.0,0.0,0.0,0.0
2FK3Z,0.0,0.0,0.0,1.0,0.0,0.0,0.0,0.0,0.0
2EGR8,0.0,0.0,0.0,1.0,0.0,0.0,0.0,0.0,0.0
2DU2E,0.0,0.0,0.0,1.0,0.0,0.0,0.0,0.0,0.0
29Z9K,0.0,0.0,0.0,1.0,0.0,0.0,0.0,0.0,0.0
2DTNT,0.0,0.0,0.0,1.0,0.0,0.0,0.0,0.0,0.0
COG3230,0.0,0.0,0.0,1.0,0.0,0.0,0.0,0.0,0.0
COG2832,0.0,0.0,0.0,1.0,0.0,0.0,0.0,0.0,0.0
2BCQC,0.0,0.0,0.0,1.0,0.0,0.0,0.0,0.0,0.0
2BXIN,0.0,0.0,0.0,1.0,0.0,0.0,0.0,0.0,0.0
COG0714,0.0,0.0,0.0,1.0,0.0,0.0,0.0,0.0,0.0
2DT3B,0.0,0.0,0.0,1.0,0.0,0.0,0.0,0.0,0.0
COG2059,0.0,0.0,0.0,1.0,0.0,0.0,0.0,0.0,0.0
COG3739,0.0,0.0,0.0,1.0,0.0,0.0,0.0,0.0,0.0
2EN6U,0.0,0.0,0.0,1.0,0.0,0.0,0.0,0.0,0.0
2DS0M,0.0,0.0,0.0,1.0,0.0,0.0,0.0,0.0,0.0
2AIFY,0.0,0.0,0.0,1.0,0.0,0.0,0.0,0.0,0.0
4QFWQ,0.0,0.0,0.0,1.0,0.0,0.0,0.0,0.0,0.0
2BK8C,0.0,0.0,0.0,1.0,0.0,0.0,0.0,0.0,0.0
COG5492,0.0,0.0,0.0,1.0,0.0,0.0,0.0,0.0,0.0
28IY5,0.0,0.0,0.0,1.0,0.0,0.0,0.0,0.0,0.0
2EJCN,0.0,0.0,0.0,1.0,0.0,0.0,0.0,0.0,0.0
COG1322,0.0,0.0,0.0,1.0,0.0,0.0,0.0,0.0,0.0
COG1360,0.0,0.0,0.0,1.0,0.0,0.0,0.0,0.0,0.0
2C6JC,0.0,0.0,0.0,1.0,0.0,0.0,0.0,0.0,0.0
2EHP5,0.0,0.0,0.0,1.0,0.0,0.0,0.0,0.0,0.0
2AXFT,0.0,0.0,0.0,1.0,0.0,0.0,0.0,0.0,0.0
COG4627,0.0,0.0,0.0,1.0,0.0,0.0,0.0,0.0,0.0
28PTC,0.0,0.0,0.0,1.0,0.0,0.0,0.0,0.0,0.0
2EDJ0,0.0,0.0,0.0,1.0,0.0,0.0,0.0,0.0,0.0
2DWDD,0.0,0.0,0.0,1.0,0.0,0.0,0.0,0.0,0.0
COG0827,0.0,0.0,0.0,1.0,0.0,0.0,0.0,0.0,0.0
2B9YA,0.0,0.0,0.0,1.0,0.0,0.0,0.0,0.0,0.0
2BV8H,0.0,0.0,0.0,1.0,0.0,0.0,0.0,0.0,0.0
2DZM1,0.0,0.0,0.0,1.0,0.0,0.0,0.0,0.0,0.0
COG5266,0.0,0.0,0.0,1.0,0.0,0.0,0.0,0.0,0.0
2E451,0.0,0.0,0.0,1.0,0.0,0.0,0.0,0.0,0.0
4QAK6,0.0,0.0,0.0,1.0,0.0,0.0,0.0,0.0,0.0
2EDXJ,0.0,0.0,0.0,1.0,0.0,0.0,0.0,0.0,0.0
2DQPR,0.0,0.0,0.0,1.0,0.0,0.0,0.0,0.0,0.0
2AG24,0.0,0.0,0.0,1.0,0.0,0.0,0.0,0.0,0.0
COG2268,0.0,0.0,0.0,1.0,0.0,0.0,0.0,0.0,0.0
2B2JA,0.0,0.0,0.0,1.0,0.0,0.0,0.0,0.0,0.0
COG1636,0.0,0.0,0.0,1.0,0.0,0.0,0.0,0.0,0.0
2BGWR,0.0,0.0,0.0,1.0,0.0,0.0,0.0,0.0,0.0
COG1666,0.0,0.0,0.0,1.0,0.0,0.0,0.0,0.0,0.0
COG0122,0.0,0.0,0.0,1.0,0.0,0.0,0.0,0.0,0.0
COG5290,0.0,0.0,0.0,1.0,0.0,0.0,0.0,0.0,0.0
2E8U5,0.0,0.0,0.0,1.0,0.0,0.0,0.0,0.0,0.0
29PMQ,0.0,0.0,0.0,1.0,0.0,0.0,0.0,0.0,0.0
COG0693,0.0,0.0,0.0,1.0,0.0,0.0,0.0,0.0,0.0
COG2032,0.0,0.0,0.0,1.0,0.0,0.0,0.0,0.0,0.0
2ASE4,0.0,0.0,0.0,1.0,0.0,0.0,0.0,0.0,0.0
2CFH0,0.0,0.0,0.0,1.0,0.0,0.0,0.0,0.0,0.0
COG4700,0.0,0.0,0.0,1.0,0.0,0.0,0.0,0.0,0.0
2E3VJ,0.0,0.0,0.0,1.0,0.0,0.0,0.0,0.0,0.0
2AGYS,0.0,0.0,0.0,1.0,0.0,0.0,0.0,0.0,0.0
2CE55,0.0,0.0,0.0,1.0,0.0,0.0,0.0,0.0,0.0
2ABJH,0.0,0.0,0.0,1.0,0.0,0.0,0.0,0.0,0.0
COG2910,0.0,0.0,0.0,1.0,0.0,0.0,0.0,0.0,0.0
28KCG,0.0,0.0,0.0,1.0,0.0,0.0,0.0,0.0,0.0
28NXU,0.0,0.0,0.0,1.0,0.0,0.0,0.0,0.0,0.0
COG3103,0.0,0.0,0.0,1.0,0.0,0.0,0.0,0.0,0.0
2EHU7,0.0,0.0,0.0,1.0,0.0,0.0,0.0,0.0,0.0
COG1695,0.0,0.0,0.0,1.0,0.0,0.0,0.0,0.0,0.0
2DSAW,0.0,0.0,0.0,1.0,0.0,0.0,0.0,0.0,0.0
COG2056,0.0,0.0,0.0,1.0,0.0,0.0,0.0,0.0,0.0
2975H,0.0,0.0,0.0,1.0,0.0,0.0,0.0,0.0,0.0
2EGRT,0.0,0.0,0.0,1.0,0.0,0.0,0.0,0.0,0.0
4QB3I,0.0,0.0,0.0,1.0,0.0,0.0,0.0,0.0,0.0
2FEZX,0.0,0.0,0.0,1.0,0.0,0.0,0.0,0.0,0.0
2EI3E,0.0,0.0,0.0,1.0,0.0,0.0,0.0,0.0,0.0
2E01R,0.0,0.0,0.0,1.0,0.0,0.0,0.0,0.0,0.0
28NR6,0.0,0.0,0.0,1.0,0.0,0.0,0.0,0.0,0.0
2BYYW,0.0,0.0,0.0,1.0,0.0,0.0,0.0,0.0,0.0
COG1413,0.0,0.0,0.0,1.0,0.0,0.0,0.0,0.0,0.0
COG2357,0.0,0.0,0.0,1.0,0.0,0.0,0.0,0.0,0.0
4QB07,0.0,0.0,0.0,1.0,0.0,0.0,0.0,0.0,0.0
COG2182,0.0,0.0,0.0,1.0,0.0,0.0,0.0,0.0,0.0
COG2027,0.0,0.0,0.0,1.0,0.0,0.0,0.0,0.0,0.0
COG0062,0.0,0.0,0.0,1.0,0.0,0.0,0.0,0.0,0.0
COG4907,0.0,0.0,0.0,1.0,0.0,0.0,0.0,0.0,0.0
2CCS2,0.0,0.0,0.0,1.0,0.0,0.0,0.0,0.0,0.0
2DC0P,0.0,0.0,0.0,1.0,0.0,0.0,0.0,0.0,0.0
COG2148,0.0,0.0,0.0,1.0,0.0,0.0,0.0,0.0,0.0
28R7V,0.0,0.0,0.0,1.0,0.0,0.0,0.0,0.0,0.0
COG4095,0.0,0.0,0.0,1.0,0.0,0.0,0.0,0.0,0.0
COG4574,0.0,0.0,0.0,1.0,0.0,0.0,0.0,0.0,0.0
COG3695,0.0,0.0,0.0,1.0,0.0,0.0,0.0,0.0,0.0
2E40P,0.0,0.0,0.0,1.0,0.0,0.0,0.0,0.0,0.0
COG3127,0.0,0.0,0.0,1.0,0.0,0.0,0.0,0.0,0.0
COG4181,0.0,0.0,0.0,1.0,0.0,0.0,0.0,0.0,0.0
COG5383,0.0,0.0,0.0,1.0,0.0,0.0,0.0,0.0,0.0
COG0819,0.0,0.0,0.0,1.0,0.0,0.0,0.0,0.0,0.0
COG2153,0.0,0.0,0.0,1.0,0.0,0.0,0.0,0.0,0.0
COG2985,0.0,0.0,0.0,1.0,0.0,0.0,0.0,0.0,0.0
COG1510,0.0,0.0,0.0,1.0,0.0,0.0,0.0,0.0,0.0
2EFPB,0.0,0.0,0.0,1.0,0.0,0.0,0.0,0.0,0.0
2CI9I,0.0,0.0,0.0,1.0,0.0,0.0,0.0,0.0,0.0
COG0836,0.0,0.0,0.0,1.0,0.0,0.0,0.0,0.0,0.0
28PK8,0.0,0.0,0.0,1.0,0.0,0.0,0.0,0.0,0.0
COG1410,0.0,0.0,0.0,0.0,0.0,1.0,0.0,0.0,0.0
COG4938,0.0,0.0,0.0,0.0,0.0,1.0,0.0,0.0,0.0
2AUHR,0.0,0.0,0.0,0.0,0.0,1.0,0.0,0.0,0.0
29TTU,0.0,0.0,0.0,0.0,0.0,1.0,0.0,0.0,0.0
COG1746,0.0,0.0,0.0,0.0,0.0,1.0,0.0,0.0,0.0
295GZ,0.0,0.0,0.0,0.0,0.0,1.0,0.0,0.0,0.0
2EGQR,0.0,0.0,0.0,0.0,0.0,1.0,0.0,0.0,0.0
2EHYV,0.0,0.0,0.0,0.0,0.0,1.0,0.0,0.0,0.0
COG4127,0.0,0.0,0.0,0.0,0.0,1.0,0.0,0.0,0.0
2DNB5,0.0,0.0,1.0,0.0,0.0,0.0,0.0,0.0,0.0
COG1247,0.0,0.0,1.0,0.0,0.0,0.0,0.0,0.0,0.0
2F7II,0.0,0.0,1.0,0.0,0.0,0.0,0.0,0.0,0.0
4QAQV,0.0,0.0,1.0,0.0,0.0,0.0,0.0,0.0,0.0
2EIRC,0.0,0.0,1.0,0.0,0.0,0.0,0.0,0.0,0.0
2CHBY,0.0,0.0,1.0,0.0,0.0,0.0,0.0,0.0,0.0
COG5421,0.0,0.0,1.0,0.0,0.0,0.0,0.0,0.0,0.0
2CXUI,0.0,0.0,1.0,0.0,0.0,0.0,0.0,0.0,0.0
COG5362,0.0,0.0,1.0,0.0,0.0,0.0,0.0,0.0,0.0
COG1910,0.0,0.0,1.0,0.0,0.0,0.0,0.0,0.0,0.0
4QCXT,0.0,0.0,1.0,0.0,0.0,0.0,0.0,0.0,0.0
2DNYJ,0.0,0.0,1.0,0.0,0.0,0.0,0.0,0.0,0.0
2EMDB,0.0,0.0,1.0,0.0,0.0,0.0,0.0,0.0,0.0
COG3645,0.0,0.0,1.0,0.0,0.0,0.0,0.0,0.0,0.0
2AUQA,0.0,0.0,1.0,0.0,0.0,0.0,0.0,0.0,0.0
COG4248,0.0,0.0,1.0,0.0,0.0,0.0,0.0,0.0,0.0
COG0631,0.0,0.0,1.0,0.0,0.0,0.0,0.0,0.0,0.0
COG4245,0.0,0.0,1.0,0.0,0.0,0.0,0.0,0.0,0.0
COG2310,0.0,0.0,1.0,0.0,0.0,0.0,0.0,0.0,0.0
COG2225,0.0,0.0,1.0,0.0,0.0,0.0,0.0,0.0,0.0
COG2224,0.0,0.0,1.0,0.0,0.0,0.0,0.0,0.0,0.0
COG4579,0.0,0.0,1.0,0.0,0.0,0.0,0.0,0.0,0.0
4QEN2,0.0,0.0,1.0,0.0,0.0,0.0,0.0,0.0,0.0
2CFKH,0.0,0.0,1.0,0.0,0.0,0.0,0.0,0.0,0.0
2DBTR,0.0,0.0,1.0,0.0,0.0,0.0,0.0,0.0,0.0
COG0406,0.0,0.0,1.0,0.0,0.0,0.0,0.0,0.0,0.0
COG1236,0.0,0.0,1.0,0.0,0.0,0.0,0.0,0.0,0.0
COG0535,0.0,0.0,1.0,0.0,0.0,0.0,0.0,0.0,0.0
2CPS1,0.0,0.0,1.0,0.0,0.0,0.0,0.0,0.0,0.0
COG0253,0.0,0.0,1.0,0.0,0.0,0.0,0.0,0.0,0.0
COG1965,0.0,0.0,1.0,0.0,0.0,0.0,0.0,0.0,0.0
COG3072,0.0,0.0,1.0,0.0,0.0,0.0,0.0,0.0,0.0
28NWR,0.0,0.0,1.0,0.0,0.0,0.0,0.0,0.0,0.0
2DMMN,0.0,0.0,1.0,0.0,0.0,0.0,0.0,0.0,0.0
28NE4,0.0,0.0,1.0,0.0,0.0,0.0,0.0,0.0,0.0
COG3793,0.0,0.0,1.0,0.0,0.0,0.0,0.0,0.0,0.0
COG2301,0.0,0.0,1.0,0.0,0.0,0.0,0.0,0.0,0.0
COG1358,0.0,0.0,1.0,0.0,0.0,0.0,0.0,0.0,0.0
2ANUK,0.0,0.0,1.0,0.0,0.0,0.0,0.0,0.0,0.0
COG0277,0.0,0.0,1.0,0.0,0.0,0.0,0.0,0.0,0.0
COG3477,0.0,0.0,1.0,0.0,0.0,0.0,0.0,0.0,0.0
COG0075,0.0,0.0,1.0,0.0,0.0,0.0,0.0,0.0,0.0
COG0637,0.0,0.0,1.0,0.0,0.0,0.0,0.0,0.0,0.0
COG1725,0.0,0.0,1.0,0.0,0.0,0.0,0.0,0.0,0.0
COG1001,0.0,0.0,1.0,0.0,0.0,0.0,0.0,0.0,0.0
2BYXQ,0.0,0.0,1.0,0.0,0.0,0.0,0.0,0.0,0.0
2AX1N,0.0,0.0,1.0,0.0,0.0,0.0,0.0,0.0,0.0
2DMYU,0.0,0.0,1.0,0.0,0.0,0.0,0.0,0.0,0.0
COG4625,0.0,0.0,1.0,0.0,0.0,0.0,0.0,0.0,0.0
COG1620,0.0,0.0,1.0,0.0,0.0,0.0,0.0,0.0,0.0
2E302,0.0,0.0,1.0,0.0,0.0,0.0,0.0,0.0,0.0
2EHY9,0.0,0.0,1.0,0.0,0.0,0.0,0.0,0.0,0.0
29VP9,0.0,0.0,1.0,0.0,0.0,0.0,0.0,0.0,0.0
COG1985,0.0,0.0,1.0,0.0,0.0,0.0,0.0,0.0,0.0
2AXA1,0.0,0.0,1.0,0.0,0.0,0.0,0.0,0.0,0.0
COG5534,0.0,0.0,1.0,0.0,0.0,0.0,0.0,0.0,0.0
2DCT7,0.0,0.0,1.0,0.0,0.0,0.0,0.0,0.0,0.0
2EBY6,0.0,0.0,1.0,0.0,0.0,0.0,0.0,0.0,0.0
2DS5N,0.0,0.0,1.0,0.0,0.0,0.0,0.0,0.0,0.0
2D4T1,0.0,0.0,1.0,0.0,0.0,0.0,0.0,0.0,0.0
COG3755,0.0,0.0,0.0,0.0,0.0,0.0,0.0,1.0,0.0
COG5015,0.0,0.0,0.0,0.0,0.0,0.0,0.0,1.0,0.0
2CM6Y,0.0,0.0,0.0,0.0,0.0,0.0,0.0,1.0,0.0
COG4540,0.0,0.0,0.0,0.0,0.0,0.0,0.0,1.0,0.0
COG3628,0.0,0.0,0.0,0.0,0.0,0.0,0.0,1.0,0.0
COG3948,0.0,0.0,0.0,0.0,0.0,0.0,0.0,1.0,0.0
COG4385,0.0,0.0,0.0,0.0,0.0,0.0,0.0,1.0,0.0
COG3497,0.0,0.0,0.0,0.0,0.0,0.0,0.0,1.0,0.0
COG3498,0.0,0.0,0.0,0.0,0.0,0.0,0.0,1.0,0.0
2E3XV,0.0,0.0,0.0,0.0,0.0,0.0,0.0,1.0,0.0
2FIYP,0.0,0.0,0.0,0.0,0.0,0.0,0.0,1.0,0.0
COG2932,0.0,0.0,0.0,0.0,0.0,0.0,0.0,1.0,0.0
2EJ02,0.0,0.0,0.0,0.0,0.0,0.0,0.0,1.0,0.0
2BBNN,0.0,0.0,0.0,0.0,0.0,0.0,0.0,1.0,0.0
COG0863,0.0,0.0,0.0,0.0,0.0,0.0,0.0,1.0,0.0
COG1575,0.0,0.0,0.0,0.0,0.0,0.0,0.0,1.0,0.0
2C8G3,0.0,0.0,0.0,0.0,0.0,0.0,0.0,1.0,0.0
COG2979,0.0,0.0,0.0,0.0,0.0,0.0,0.0,1.0,0.0
COG1073,0.0,0.0,0.0,0.0,0.0,0.0,0.0,1.0,0.0
COG1515,0.0,0.0,0.0,0.0,0.0,0.0,0.0,1.0,0.0
arCOG12470,0.0,0.0,0.0,0.0,0.0,0.0,0.0,1.0,0.0
2EGC8,0.0,0.0,0.0,0.0,0.0,0.0,0.0,1.0,0.0
2D7I9,0.0,0.0,0.0,0.0,0.0,0.0,0.0,1.0,0.0
2A09X,0.0,0.0,0.0,0.0,0.0,0.0,0.0,1.0,0.0
28M7C,0.0,0.0,0.0,0.0,0.0,0.0,0.0,1.0,0.0
2AG2E,0.0,0.0,0.0,0.0,0.0,0.0,0.0,1.0,0.0
2DM6W,0.0,0.0,0.0,0.0,0.0,0.0,0.0,1.0,0.0
2EJTH,0.0,0.0,0.0,0.0,0.0,0.0,0.0,1.0,0.0
COG5510,0.0,0.0,0.0,0.0,0.0,0.0,0.0,1.0,0.0
COG2005,0.0,0.0,0.0,0.0,0.0,0.0,0.0,1.0,0.0
2ERCW,0.0,0.0,0.0,0.0,0.0,0.0,0.0,1.0,0.0
2CBEZ,0.0,0.0,0.0,0.0,0.0,0.0,0.0,1.0,0.0
COG2333,0.0,0.0,0.0,0.0,0.0,0.0,0.0,1.0,0.0
2DBDH,0.0,0.0,0.0,0.0,0.0,0.0,0.0,1.0,0.0
COG4637,0.0,0.0,0.0,0.0,0.0,0.0,0.0,1.0,0.0
COG3593,0.0,0.0,0.0,0.0,0.0,0.0,0.0,1.0,0.0
COG2839,0.0,0.0,0.0,0.0,0.0,0.0,0.0,1.0,0.0
COG1875,0.0,0.0,0.0,0.0,0.0,0.0,0.0,1.0,0.0
COG1832,0.0,0.0,0.0,0.0,0.0,0.0,0.0,1.0,0.0
2DSFH,0.0,0.0,0.0,0.0,0.0,0.0,0.0,1.0,0.0
COG1528,0.0,0.0,0.0,0.0,0.0,0.0,0.0,1.0,0.0
2E9YS,0.0,0.0,0.0,0.0,0.0,0.0,0.0,1.0,0.0
COG4643,0.0,0.0,0.0,0.0,0.0,0.0,0.0,1.0,0.0
COG4325,0.0,0.0,0.0,0.0,0.0,0.0,0.0,1.0,0.0
2DNWH,0.0,0.0,0.0,0.0,0.0,0.0,0.0,1.0,0.0
2DM22,0.0,0.0,0.0,0.0,0.0,0.0,0.0,1.0,0.0
2DR5Z,0.0,0.0,0.0,0.0,0.0,0.0,0.0,1.0,0.0
COG3895,0.0,0.0,0.0,0.0,0.0,0.0,0.0,1.0,0.0
2AUTE,0.0,0.0,0.0,0.0,0.0,0.0,0.0,1.0,0.0
COG2249,0.0,0.0,0.0,0.0,0.0,0.0,0.0,1.0,0.0
COG1872,0.0,0.0,0.0,0.0,0.0,0.0,0.0,1.0,0.0
2EH60,0.0,0.0,0.0,0.0,0.0,0.0,0.0,1.0,0.0
28NHJ,0.0,0.0,0.0,0.0,0.0,0.0,0.0,1.0,0.0
2ECIQ,0.0,0.0,0.0,0.0,0.0,0.0,0.0,1.0,0.0
2B1UF,0.0,0.0,0.0,0.0,0.0,0.0,0.0,1.0,0.0
2AJ84,0.0,0.0,0.0,0.0,0.0,0.0,0.0,1.0,0.0
2EDVE,0.0,0.0,0.0,0.0,0.0,0.0,0.0,1.0,0.0
COG4812,1.0,0.0,0.0,0.0,0.0,0.0,0.0,0.0,0.0
COG4766,1.0,0.0,0.0,0.0,0.0,0.0,0.0,0.0,0.0
2DQZF,1.0,0.0,0.0,0.0,0.0,0.0,0.0,0.0,0.0
COG3676,1.0,0.0,0.0,0.0,0.0,0.0,0.0,0.0,0.0
COG1208,1.0,0.0,0.0,0.0,0.0,0.0,0.0,0.0,0.0
COG4924,1.0,0.0,0.0,0.0,0.0,0.0,0.0,0.0,0.0
2CB46,1.0,0.0,0.0,0.0,0.0,0.0,0.0,0.0,0.0
2DNN1,1.0,0.0,0.0,0.0,0.0,0.0,0.0,0.0,0.0
2E1F4,1.0,0.0,0.0,0.0,0.0,0.0,0.0,0.0,0.0
28RG9,1.0,0.0,0.0,0.0,0.0,0.0,0.0,0.0,0.0
COG1401,1.0,0.0,0.0,0.0,0.0,0.0,0.0,0.0,0.0
COG1015,1.0,0.0,0.0,0.0,0.0,0.0,0.0,0.0,0.0
COG4950,1.0,0.0,0.0,0.0,0.0,0.0,0.0,0.0,0.0
2CJP6,1.0,0.0,0.0,0.0,0.0,0.0,0.0,0.0,0.0
2C953,1.0,0.0,0.0,0.0,0.0,0.0,0.0,0.0,0.0
COG4143,1.0,0.0,0.0,0.0,0.0,0.0,0.0,0.0,0.0
COG3840,1.0,0.0,0.0,0.0,0.0,0.0,0.0,0.0,0.0
COG2232,1.0,0.0,0.0,0.0,0.0,0.0,0.0,0.0,0.0
COG3341,1.0,0.0,0.0,0.0,0.0,0.0,0.0,0.0,0.0
COG4710,1.0,0.0,0.0,0.0,0.0,0.0,0.0,0.0,0.0
COG1517,1.0,0.0,0.0,0.0,0.0,0.0,0.0,0.0,0.0
2CK2U,1.0,0.0,0.0,0.0,0.0,0.0,0.0,0.0,0.0
COG1134,1.0,0.0,0.0,0.0,0.0,0.0,0.0,0.0,0.0
2EQHP,1.0,0.0,0.0,0.0,0.0,0.0,0.0,0.0,0.0
COG4576,1.0,0.0,0.0,0.0,0.0,0.0,0.0,0.0,0.0
COG1387,0.0,0.0,0.0,0.0,0.0,0.0,0.0,0.0,1.0
2BSSX,0.0,0.0,0.0,0.0,0.0,0.0,0.0,0.0,1.0
COG0543,0.0,0.0,0.0,0.0,0.0,0.0,0.0,0.0,1.0
COG3135,0.0,0.0,0.0,0.0,0.0,0.0,0.0,0.0,1.0
2CDKX,0.0,0.0,0.0,0.0,0.0,0.0,0.0,0.0,1.0
2EPB2,0.0,0.0,0.0,0.0,0.0,0.0,0.0,0.0,1.0
2ADS8,0.0,0.0,0.0,0.0,0.0,0.0,0.0,0.0,1.0
COG2031,0.0,0.0,0.0,0.0,0.0,0.0,0.0,0.0,1.0
COG0784,0.0,0.0,0.0,0.0,0.0,0.0,0.0,0.0,1.0
28KJ3,0.0,0.0,0.0,0.0,0.0,0.0,0.0,0.0,1.0
2EJFV,0.0,0.0,0.0,0.0,0.0,0.0,0.0,0.0,1.0
2EHTW,0.0,0.0,0.0,0.0,0.0,0.0,0.0,0.0,1.0
2EBGV,0.0,0.0,0.0,0.0,0.0,0.0,0.0,0.0,1.0
COG2304,0.0,0.0,0.0,0.0,0.0,0.0,0.0,0.0,1.0
28ICC,0.0,0.0,0.0,0.0,0.0,0.0,0.0,0.0,1.0
28VWZ,0.0,0.0,0.0,0.0,0.0,0.0,0.0,0.0,1.0
COG5585,0.0,0.0,0.0,0.0,0.0,0.0,0.0,0.0,1.0
2EA34,0.0,0.0,0.0,0.0,0.0,0.0,0.0,0.0,1.0
COG4715,0.0,0.0,0.0,0.0,0.0,0.0,0.0,0.0,1.0
2DBEM,0.0,0.0,0.0,0.0,0.0,0.0,0.0,0.0,1.0
COG0600,0.0,0.0,0.0,0.0,0.0,0.0,0.0,0.0,1.0
28IR4,0.0,0.0,0.0,0.0,0.0,0.0,0.0,0.0,1.0
COG1816,0.0,0.0,0.0,0.0,0.0,0.0,0.0,0.0,1.0
2CEAV,0.0,0.0,0.0,0.0,0.0,0.0,0.0,0.0,1.0
