{
"apiVersion": "V2",
"assemblies": [
{
  "files": [
    {
      "filePath": "data_summary.tsv",
      "fileType": "DATA_TABLE",
      "uncompressedLengthBytes": "348"
    },
    {
      "filePath": "assembly_data_report.jsonl",
      "fileType": "DATA_REPORT",
      "uncompressedLengthBytes": "3452"
    }
  ]
},{
  "accession": "GCA_030150405.1",
  "files": [
    {
      "filePath": "GCA_030150405.1/genomic.gbff",
      "fileType": "GENBANK_FLAT_FILE",
      "uncompressedLengthBytes": "2313927"
    },
    {
      "filePath": "GCA_030150405.1/GCA_030150405.1_ASM3015040v1_genomic.fna",
      "fileType": "GENOMIC_NUCLEOTIDE_FASTA",
      "uncompressedLengthBytes": "1779391"
    }
  ]
}]}
