{
"apiVersion": "V2",
"assemblies": [
{
  "files": [
    {
      "filePath": "data_summary.tsv",
      "fileType": "DATA_TABLE",
      "uncompressedLengthBytes": "348"
    },
    {
      "filePath": "assembly_data_report.jsonl",
      "fileType": "DATA_REPORT",
      "uncompressedLengthBytes": "3709"
    }
  ]
},{
  "accession": "GCA_030151245.1",
  "files": [
    {
      "filePath": "GCA_030151245.1/genomic.gbff",
      "fileType": "GENBANK_FLAT_FILE",
      "uncompressedLengthBytes": "3819604"
    },
    {
      "filePath": "GCA_030151245.1/GCA_030151245.1_ASM3015124v1_genomic.fna",
      "fileType": "GENOMIC_NUCLEOTIDE_FASTA",
      "uncompressedLengthBytes": "2657173"
    }
  ]
}]}
