{
"apiVersion": "V2",
"assemblies": [
{
  "files": [
    {
      "filePath": "data_summary.tsv",
      "fileType": "DATA_TABLE",
      "uncompressedLengthBytes": "347"
    },
    {
      "filePath": "assembly_data_report.jsonl",
      "fileType": "DATA_REPORT",
      "uncompressedLengthBytes": "3698"
    }
  ]
},{
  "accession": "GCA_030151425.1",
  "files": [
    {
      "filePath": "GCA_030151425.1/GCA_030151425.1_ASM3015142v1_genomic.fna",
      "fileType": "GENOMIC_NUCLEOTIDE_FASTA",
      "uncompressedLengthBytes": "2035744"
    }
  ]
}]}
