{
"apiVersion": "V2",
"assemblies": [
{
  "files": [
    {
      "filePath": "data_summary.tsv",
      "fileType": "DATA_TABLE",
      "uncompressedLengthBytes": "347"
    },
    {
      "filePath": "assembly_data_report.jsonl",
      "fileType": "DATA_REPORT",
      "uncompressedLengthBytes": "3665"
    }
  ]
},{
  "accession": "GCA_030149655.1",
  "files": [
    {
      "filePath": "GCA_030149655.1/GCA_030149655.1_ASM3014965v1_genomic.fna",
      "fileType": "GENOMIC_NUCLEOTIDE_FASTA",
      "uncompressedLengthBytes": "1501854"
    }
  ]
}]}
