{
"apiVersion": "V2",
"assemblies": [
{
  "files": [
    {
      "filePath": "data_summary.tsv",
      "fileType": "DATA_TABLE",
      "uncompressedLengthBytes": "346"
    },
    {
      "filePath": "assembly_data_report.jsonl",
      "fileType": "DATA_REPORT",
      "uncompressedLengthBytes": "3490"
    }
  ]
},{
  "accession": "GCA_046462275.1",
  "files": [
    {
      "filePath": "GCA_046462275.1/genomic.gbff",
      "fileType": "GENBANK_FLAT_FILE",
      "uncompressedLengthBytes": "2298910"
    },
    {
      "filePath": "GCA_046462275.1/GCA_046462275.1_ASM4646227v1_genomic.fna",
      "fileType": "GENOMIC_NUCLEOTIDE_FASTA",
      "uncompressedLengthBytes": "1425691"
    }
  ]
}]}
