{
"apiVersion": "V2",
"assemblies": [
{
  "files": [
    {
      "filePath": "data_summary.tsv",
      "fileType": "DATA_TABLE",
      "uncompressedLengthBytes": "346"
    },
    {
      "filePath": "assembly_data_report.jsonl",
      "fileType": "DATA_REPORT",
      "uncompressedLengthBytes": "3711"
    }
  ]
},{
  "accession": "GCA_030146865.1",
  "files": [
    {
      "filePath": "GCA_030146865.1/genomic.gbff",
      "fileType": "GENBANK_FLAT_FILE",
      "uncompressedLengthBytes": "3050996"
    },
    {
      "filePath": "GCA_030146865.1/GCA_030146865.1_ASM3014686v1_genomic.fna",
      "fileType": "GENOMIC_NUCLEOTIDE_FASTA",
      "uncompressedLengthBytes": "2014574"
    }
  ]
}]}
