{
"apiVersion": "V2",
"assemblies": [
{
  "files": [
    {
      "filePath": "data_summary.tsv",
      "fileType": "DATA_TABLE",
      "uncompressedLengthBytes": "346"
    },
    {
      "filePath": "assembly_data_report.jsonl",
      "fileType": "DATA_REPORT",
      "uncompressedLengthBytes": "3700"
    }
  ]
},{
  "accession": "GCA_030153165.1",
  "files": [
    {
      "filePath": "GCA_030153165.1/genomic.gbff",
      "fileType": "GENBANK_FLAT_FILE",
      "uncompressedLengthBytes": "2372668"
    },
    {
      "filePath": "GCA_030153165.1/GCA_030153165.1_ASM3015316v1_genomic.fna",
      "fileType": "GENOMIC_NUCLEOTIDE_FASTA",
      "uncompressedLengthBytes": "1550720"
    }
  ]
}]}
