{
"apiVersion": "V2",
"assemblies": [
{
  "files": [
    {
      "filePath": "data_summary.tsv",
      "fileType": "DATA_TABLE",
      "uncompressedLengthBytes": "346"
    },
    {
      "filePath": "assembly_data_report.jsonl",
      "fileType": "DATA_REPORT",
      "uncompressedLengthBytes": "3458"
    }
  ]
},{
  "accession": "GCA_030152945.1",
  "files": [
    {
      "filePath": "GCA_030152945.1/genomic.gbff",
      "fileType": "GENBANK_FLAT_FILE",
      "uncompressedLengthBytes": "3150359"
    },
    {
      "filePath": "GCA_030152945.1/GCA_030152945.1_ASM3015294v1_genomic.fna",
      "fileType": "GENOMIC_NUCLEOTIDE_FASTA",
      "uncompressedLengthBytes": "1968949"
    }
  ]
}]}
